epoch,global_step,lr-AdamW,lr_abs,step,train/loss_epoch,train/loss_simple_epoch,train/loss_simple_step,train/loss_step,train/loss_vlb_epoch,train/loss_vlb_step,val/loss,val/loss_ema,val/loss_simple,val/loss_simple_ema,val/loss_vlb,val/loss_vlb_ema
0,,,,22,,,,,,,0.7971473932266235,0.7981856465339661,0.7971473932266235,0.7981856465339661,0.004050954710692167,0.029931675642728806
0,,,,22,0.7973813414573669,0.7973813414573669,,,0.004927539266645908,,,,,,,
1,,,,45,,,,,,,0.7918856739997864,0.7980661392211914,0.7918856739997864,0.7980661392211914,0.007937931455671787,0.007191267795860767
1,,,,45,0.7962074279785156,0.7962074279785156,,,0.004238133784383535,,,,,,,
,,2.94000906e-06,,49,,,,,,,,,,,,
2,49.0,,2.940009153462597e-06,49,,,0.7939246892929077,0.7939246892929077,,0.003916813991963863,,,,,,
2,,,,68,,,,,,,0.7861572504043579,0.7945189476013184,0.7861572504043579,0.7945189476013184,0.0032746456563472748,0.005964221898466349
2,,,,68,0.791900634765625,0.791900634765625,,,0.004316752310842276,,,,,,,
3,,,,91,,,,,,,0.7678204774856567,0.7795198559761047,0.7678204774856567,0.7795198559761047,0.004184265621006489,0.0035958769731223583
3,,,,91,0.7830529808998108,0.7830529808998108,,,0.003941271919757128,,,,,,,
,,5.94000606e-06,,99,,,,,,,,,,,,
4,99.0,,5.940005848970031e-06,99,,,0.7619330883026123,0.7619330883026123,,0.005459360778331757,,,,,,
4,,,,114,,,,,,,0.7623929977416992,0.7679229974746704,0.7623929977416992,0.7679229974746704,0.004572554025799036,0.003572701243683696
4,,,,114,0.771436333656311,0.771436333656311,,,0.005117686465382576,,,,,,,
5,,,,137,,,,,,,0.7493351101875305,0.7607625722885132,0.7493351101875305,0.7607625722885132,0.0037585392128676176,0.004867779556661844
5,,,,137,0.7572250366210938,0.7572250366210938,,,0.006023077294230461,,,,,,,
,,8.94000306e-06,,149,,,,,,,,,,,,
6,149.0,,8.940002771851141e-06,149,,,0.7599506974220276,0.7599506974220276,,0.026832716539502144,,,,,,
6,,,,160,,,,,,,0.7248255610466003,0.7379798889160156,0.7248255610466003,0.7379798889160156,0.004222925286740065,0.0034743049181997776
6,,,,160,0.7441743016242981,0.7441743016242981,,,0.005424723494797945,,,,,,,
7,,,,183,,,,,,,0.6903976202011108,0.7397481799125671,0.6903976202011108,0.7397481799125671,0.0034525063820183277,0.004536227788776159
7,,,,183,0.7091481685638428,0.7091481685638428,,,0.0037679129745811224,,,,,,,
,,1.1940000060000002e-05,,199,,,,,,,,,,,,
8,199.0,,1.1940000149479602e-05,199,,,0.711350679397583,0.711350679397583,,0.004240342415869236,,,,,,
8,,,,206,,,,,,,0.6952837705612183,0.7073794603347778,0.6952837705612183,0.7073794603347778,0.006786428391933441,0.003199998987838626
8,,,,206,0.6900760531425476,0.6900760531425476,,,0.0039895023219287395,,,,,,,
9,,,,229,,,,,,,0.642305314540863,0.6535839438438416,0.642305314540863,0.6535839438438416,0.002958144759759307,0.0030069411732256413
9,,,,229,0.6676514744758606,0.6676514744758606,,,0.004587383009493351,,,,,,,
,,1.2e-05,,249,,,,,,,,,,,,
10,249.0,,1.2000000424450263e-05,249,,,0.6516634821891785,0.6516634821891785,,0.0032194333616644144,,,,,,
10,,,,252,,,,,,,0.7067359685897827,0.6412349939346313,0.7067359685897827,0.6412349939346313,0.019617611542344093,0.002499547554180026
10,,,,252,0.6326600313186646,0.6326600313186646,,,0.0030518434941768646,,,,,,,
11,,,,275,,,,,,,0.6815284490585327,0.6511080861091614,0.6815284490585327,0.6511080861091614,0.006205015815794468,0.005913319997489452
11,,,,275,0.6316050887107849,0.6316050887107849,,,0.003907990641891956,,,,,,,
12,,,,298,,,,,,,0.5695830583572388,0.6164206862449646,0.5695830583572388,0.6164206862449646,0.0044590020552277565,0.005879099480807781
12,,,,298,0.5933970808982849,0.5933970808982849,,,0.004699195269495249,,,,,,,
,,1.2e-05,,299,,,,,,,,,,,,
13,299.0,,1.2000000424450263e-05,299,,,0.6465221643447876,0.6465221643447876,,0.0027036257088184357,,,,,,
13,,,,321,,,,,,,0.5357555150985718,0.605209231376648,0.5357555150985718,0.605209231376648,0.003205300774425268,0.0034893848933279514
13,,,,321,0.5750960111618042,0.5750960111618042,,,0.0031566438265144825,,,,,,,
14,,,,344,,,,,,,0.6115078926086426,0.6009190678596497,0.6115078926086426,0.6009190678596497,0.0032312925904989243,0.0037300940603017807
14,,,,344,0.5922574996948242,0.5922574996948242,,,0.0036033031065016985,,,,,,,
,,1.2e-05,,349,,,,,,,,,,,,
15,349.0,,1.2000000424450263e-05,349,,,0.6924875974655151,0.6924875974655151,,0.004407342988997698,,,,,,
15,,,,367,,,,,,,0.5799086689949036,0.5799948573112488,0.5799086689949036,0.5799948573112488,0.007599081844091415,0.005545913241803646
15,,,,367,0.5433838367462158,0.5433838367462158,,,0.004275978542864323,,,,,,,
16,,,,390,,,,,,,0.6060839891433716,0.49585646390914917,0.6060839891433716,0.49585646390914917,0.005272635258734226,0.002649120520800352
16,,,,390,0.5197320580482483,0.5197320580482483,,,0.0028011624235659838,,,,,,,
,,1.2e-05,,399,,,,,,,,,,,,
17,399.0,,1.2000000424450263e-05,399,,,0.3726712465286255,0.3726712465286255,,0.0024299691431224346,,,,,,
17,,,,413,,,,,,,0.38649457693099976,0.5871829986572266,0.38649457693099976,0.5871829986572266,0.0021666144020855427,0.018973227590322495
17,,,,413,0.470615416765213,0.470615416765213,,,0.00261481199413538,,,,,,,
18,,,,436,,,,,,,0.6532062292098999,0.449563592672348,0.6532062292098999,0.449563592672348,0.0322549007833004,0.002013341523706913
18,,,,436,0.49158599972724915,0.49158599972724915,,,0.002617054618895054,,,,,,,
,,1.2e-05,,449,,,,,,,,,,,,
19,449.0,,1.2000000424450263e-05,449,,,0.31826573610305786,0.31826573610305786,,0.0020234393887221813,,,,,,
19,,,,459,,,,,,,0.49658364057540894,0.5289541482925415,0.49658364057540894,0.5289541482925415,0.0022361422888934612,0.0020890808664262295
19,,,,459,0.4604451060295105,0.4604451060295105,,,0.003207135945558548,,,,,,,
20,,,,482,,,,,,,0.39049696922302246,0.42558416724205017,0.39049696922302246,0.42558416724205017,0.0015751527389511466,0.002089898334816098
20,,,,482,0.5024961829185486,0.5024961829185486,,,0.00325833261013031,,,,,,,
,,1.2e-05,,499,,,,,,,,,,,,
21,499.0,,1.2000000424450263e-05,499,,,0.28400877118110657,0.28400877118110657,,0.0015116140712052584,,,,,,
21,,,,505,,,,,,,0.341902494430542,0.39752188324928284,0.341902494430542,0.39752188324928284,0.0016258461400866508,0.0020353421568870544
21,,,,505,0.4263262450695038,0.4263262450695038,,,0.002502820920199156,,,,,,,
22,,,,528,,,,,,,0.49026861786842346,0.3837772011756897,0.49026861786842346,0.3837772011756897,0.0021471513900905848,0.001714876270852983
22,,,,528,0.5061861872673035,0.5061861872673035,,,0.015867652371525764,,,,,,,
,,1.2e-05,,549,,,,,,,,,,,,
23,549.0,,1.2000000424450263e-05,549,,,0.316555380821228,0.316555380821228,,0.0014127065660431981,,,,,,
23,,,,551,,,,,,,0.3702823519706726,0.4267149865627289,0.3702823519706726,0.4267149865627289,0.0016783967148512602,0.0018370812758803368
23,,,,551,0.4059200584888458,0.4059200584888458,,,0.002323431894183159,,,,,,,
24,,,,574,,,,,,,0.5406501293182373,0.3985503315925598,0.5406501293182373,0.3985503315925598,0.00508334394544363,0.007418467663228512
24,,,,574,0.4063488841056824,0.4063488841056824,,,0.00268456875346601,,,,,,,
25,,,,597,,,,,,,0.33122241497039795,0.346574604511261,0.33122241497039795,0.346574604511261,0.003042926313355565,0.0017593132797628641
25,,,,597,0.44996532797813416,0.44996532797813416,,,0.0032051040325313807,,,,,,,
,,1.2e-05,,599,,,,,,,,,,,,
26,599.0,,1.2000000424450263e-05,599,,,0.47205591201782227,0.47205591201782227,,0.00481121800839901,,,,,,
26,,,,620,,,,,,,0.31359583139419556,0.42407363653182983,0.31359583139419556,0.42407363653182983,0.0014216401614248753,0.0020788053516298532
26,,,,620,0.38531792163848877,0.38531792163848877,,,0.002370808506384492,,,,,,,
27,,,,643,,,,,,,0.49737492203712463,0.4729592204093933,0.49737492203712463,0.4729592204093933,0.006166631821542978,0.0021963410545140505
27,,,,643,0.40591704845428467,0.40591704845428467,,,0.004554816987365484,,,,,,,
,,1.2e-05,,649,,,,,,,,,,,,
28,649.0,,1.2000000424450263e-05,649,,,0.20121973752975464,0.20121973752975464,,0.0010549369035288692,,,,,,
28,,,,666,,,,,,,0.32467013597488403,0.36528080701828003,0.32467013597488403,0.36528080701828003,0.0021722684614360332,0.003010211978107691
28,,,,666,0.3876229524612427,0.3876229524612427,,,0.011303518898785114,,,,,,,
29,,,,689,,,,,,,0.5066272020339966,0.4649757742881775,0.5066272020339966,0.4649757742881775,0.005543161649256945,0.002512225415557623
29,,,,689,0.47514426708221436,0.47514426708221436,,,0.003200407838448882,,,,,,,
,,1.2e-05,,699,,,,,,,,,,,,
30,699.0,,1.2000000424450263e-05,699,,,0.18638494610786438,0.18638494610786438,,0.0009407437173649669,,,,,,
30,,,,712,,,,,,,0.5249773263931274,0.3720730245113373,0.5249773263931274,0.3720730245113373,0.002381406258791685,0.0016544576501473784
30,,,,712,0.32056841254234314,0.32056841254234314,,,0.005649234633892775,,,,,,,
31,,,,735,,,,,,,0.26163122057914734,0.265188992023468,0.26163122057914734,0.265188992023468,0.004684207029640675,0.0013173528714105487
31,,,,735,0.33352845907211304,0.33352845907211304,,,0.0021398081444203854,,,,,,,
,,1.2e-05,,749,,,,,,,,,,,,
32,749.0,,1.2000000424450263e-05,749,,,0.22254803776741028,0.22254803776741028,,0.0009938321309164166,,,,,,
32,,,,758,,,,,,,0.5204703211784363,0.47078579664230347,0.5204703211784363,0.47078579664230347,0.0036413699854165316,0.002666971180588007
32,,,,758,0.3692100942134857,0.3692100942134857,,,0.0034915420692414045,,,,,,,
33,,,,781,,,,,,,0.49654850363731384,0.3632764220237732,0.49654850363731384,0.3632764220237732,0.002094706054776907,0.008508884347975254
33,,,,781,0.3529347777366638,0.3529347777366638,,,0.0037348191253840923,,,,,,,
,,1.2e-05,,799,,,,,,,,,,,,
34,799.0,,1.2000000424450263e-05,799,,,0.22643940150737762,0.22643940150737762,,0.0009853236842900515,,,,,,
34,,,,804,,,,,,,0.44011086225509644,0.23583810031414032,0.44011086225509644,0.23583810031414032,0.0017826281255111098,0.0010352544486522675
34,,,,804,0.32488885521888733,0.32488885521888733,,,0.001740425475873053,,,,,,,
35,,,,827,,,,,,,0.3830496668815613,0.2621602416038513,0.3830496668815613,0.2621602416038513,0.0022530362475663424,0.0023198879789561033
35,,,,827,0.33099493384361267,0.33099493384361267,,,0.0021209772676229477,,,,,,,
,,1.2e-05,,849,,,,,,,,,,,,
36,849.0,,1.2000000424450263e-05,849,,,0.3511384427547455,0.3511384427547455,,0.0014726535882800817,,,,,,
36,,,,850,,,,,,,0.32215970754623413,0.20198889076709747,0.32215970754623413,0.20198889076709747,0.0015288566937670112,0.0009674399043433368
36,,,,850,0.30919763445854187,0.30919763445854187,,,0.0017414764733985066,,,,,,,
37,,,,873,,,,,,,0.4161515235900879,0.3157443404197693,0.4161515235900879,0.3157443404197693,0.0025416577700525522,0.00262135686352849
37,,,,873,0.39282456040382385,0.39282456040382385,,,0.003031303873285651,,,,,,,
38,,,,896,,,,,,,0.44886717200279236,0.21800200641155243,0.44886717200279236,0.21800200641155243,0.003954640589654446,0.0010160172823816538
38,,,,896,0.30516818165779114,0.30516818165779114,,,0.001404689741320908,,,,,,,
,,1.2e-05,,899,,,,,,,,,,,,
39,899.0,,1.2000000424450263e-05,899,,,0.20161187648773193,0.20161187648773193,,0.0009114759741351008,,,,,,
39,,,,919,,,,,,,0.4023214876651764,0.18887284398078918,0.4023214876651764,0.18887284398078918,0.001612040214240551,0.0008745845407247543
39,,,,919,0.3511863946914673,0.3511863946914673,,,0.002069649286568165,,,,,,,
40,,,,942,,,,,,,0.3188331723213196,0.4395174980163574,0.3188331723213196,0.4395174980163574,0.0012457568664103746,0.0028244268614798784
40,,,,942,0.35659676790237427,0.35659676790237427,,,0.001969959121197462,,,,,,,
,,1.2e-05,,949,,,,,,,,,,,,
41,949.0,,1.2000000424450263e-05,949,,,0.4207804501056671,0.4207804501056671,,0.006713348440825939,,,,,,
41,,,,965,,,,,,,0.3713769316673279,0.5621873736381531,0.3713769316673279,0.5621873736381531,0.001522327191196382,0.0040399255231022835
41,,,,965,0.3081468343734741,0.3081468343734741,,,0.0021885517053306103,,,,,,,
42,,,,988,,,,,,,0.4640020430088043,0.3992818295955658,0.4640020430088043,0.3992818295955658,0.022892776876688004,0.00955070648342371
42,,,,988,0.3701128661632538,0.3701128661632538,,,0.0028784258756786585,,,,,,,
,,1.2e-05,,999,,,,,,,,,,,,
43,999.0,,1.2000000424450263e-05,999,,,0.24562209844589233,0.24562209844589233,,0.001023055869154632,,,,,,
43,,,,1011,,,,,,,0.2862855792045593,0.3811967074871063,0.2862855792045593,0.3811967074871063,0.0013036534655839205,0.001691890531219542
43,,,,1011,0.3166792690753937,0.3166792690753937,,,0.0015233963495120406,,,,,,,
44,,,,1034,,,,,,,0.6064133644104004,0.2996998429298401,0.6064133644104004,0.2996998429298401,0.013194918632507324,0.0015355419600382447
44,,,,1034,0.35224661231040955,0.35224661231040955,,,0.0018107384676113725,,,,,,,
,,1.2e-05,,1049,,,,,,,,,,,,
45,1049.0,,1.2000000424450263e-05,1049,,,0.13187777996063232,0.13187777996063232,,0.0006714320043101907,,,,,,
45,,,,1057,,,,,,,0.38128772377967834,0.32678383588790894,0.38128772377967834,0.32678383588790894,0.0015630859415978193,0.0016356123378500342
45,,,,1057,0.39950770139694214,0.39950770139694214,,,0.0029959268867969513,,,,,,,
46,,,,1080,,,,,,,0.3156867027282715,0.25779202580451965,0.3156867027282715,0.25779202580451965,0.0012954262783750892,0.001281090429984033
46,,,,1080,0.3593478798866272,0.3593478798866272,,,0.002461168682202697,,,,,,,
,,1.2e-05,,1099,,,,,,,,,,,,
47,1099.0,,1.2000000424450263e-05,1099,,,0.2397325336933136,0.2397325336933136,,0.001015892019495368,,,,,,
47,,,,1103,,,,,,,0.34305572509765625,0.6590626835823059,0.34305572509765625,0.6590626835823059,0.001632867963053286,0.04882511869072914
47,,,,1103,0.3558962047100067,0.3558962047100067,,,0.004365524277091026,,,,,,,
48,,,,1126,,,,,,,0.19617654383182526,0.32318970561027527,0.19617654383182526,0.32318970561027527,0.001316035515628755,0.0022466923110187054
48,,,,1126,0.2777489125728607,0.2777489125728607,,,0.0017806594260036945,,,,,,,
,,1.2e-05,,1149,,,,,,,,,,,,
49,1149.0,,1.2000000424450263e-05,1149,,,0.07245220243930817,0.07245220243930817,,0.00045824123662896454,,,,,,
49,,,,1149,,,,,,,0.26349765062332153,0.3273569643497467,0.26349765062332153,0.3273569643497467,0.0010932395234704018,0.0016678760293871164
49,,,,1149,0.31740802526474,0.31740802526474,,,0.0015799850225448608,,,,,,,
50,,,,1172,,,,,,,0.29570725560188293,0.36289501190185547,0.29570725560188293,0.36289501190185547,0.0013708999613299966,0.0020025810226798058
50,,,,1172,0.382434219121933,0.382434219121933,,,0.0042061638087034225,,,,,,,
51,,,,1195,,,,,,,0.1831967681646347,0.21510560810565948,0.1831967681646347,0.21510560810565948,0.0008245782810263336,0.0010147731518372893
51,,,,1195,0.3434551954269409,0.3434551954269409,,,0.002049058908596635,,,,,,,
,,1.2e-05,,1199,,,,,,,,,,,,
52,1199.0,,1.2000000424450263e-05,1199,,,0.5367575883865356,0.5367575883865356,,0.0022586602717638016,,,,,,
52,,,,1218,,,,,,,0.17424210906028748,0.5369116067886353,0.17424210906028748,0.5369116067886353,0.0008382272790186107,0.002227960154414177
52,,,,1218,0.34383895993232727,0.34383895993232727,,,0.0024038178380578756,,,,,,,
53,,,,1241,,,,,,,0.49603143334388733,0.26211532950401306,0.49603143334388733,0.26211532950401306,0.003618741873651743,0.005431528203189373
53,,,,1241,0.41856491565704346,0.41856491565704346,,,0.003756591584533453,,,,,,,
,,1.2e-05,,1249,,,,,,,,,,,,
54,1249.0,,1.2000000424450263e-05,1249,,,0.3602902889251709,0.3602902889251709,,0.0013604885898530483,,,,,,
54,,,,1264,,,,,,,0.436288058757782,0.36049094796180725,0.436288058757782,0.36049094796180725,0.00242826621979475,0.003674044506624341
54,,,,1264,0.38016659021377563,0.38016659021377563,,,0.002554172882810235,,,,,,,
55,,,,1287,,,,,,,0.2837856411933899,0.40281039476394653,0.2837856411933899,0.40281039476394653,0.0011338917538523674,0.00202106311917305
55,,,,1287,0.32634177803993225,0.32634177803993225,,,0.0024167881347239017,,,,,,,
,,1.2e-05,,1299,,,,,,,,,,,,
56,1299.0,,1.2000000424450263e-05,1299,,,0.4227343499660492,0.4227343499660492,,0.0021680439822375774,,,,,,
56,,,,1310,,,,,,,0.5139448046684265,0.2126627415418625,0.5139448046684265,0.2126627415418625,0.0027854712679982185,0.001012256252579391
56,,,,1310,0.3323410749435425,0.3323410749435425,,,0.0016158135840669274,,,,,,,
57,,,,1333,,,,,,,0.33507630228996277,0.398305743932724,0.33507630228996277,0.398305743932724,0.002579653402790427,0.003567939158529043
57,,,,1333,0.3148324489593506,0.3148324489593506,,,0.002247470198199153,,,,,,,
,,1.2e-05,,1349,,,,,,,,,,,,
58,1349.0,,1.2000000424450263e-05,1349,,,0.38416677713394165,0.38416677713394165,,0.0020661591552197933,,,,,,
58,,,,1356,,,,,,,0.4092469811439514,0.49403029680252075,0.4092469811439514,0.49403029680252075,0.011623409576714039,0.0022944402880966663
58,,,,1356,0.31302034854888916,0.31302034854888916,,,0.004624229855835438,,,,,,,
59,,,,1379,,,,,,,0.46692338585853577,0.2827725410461426,0.46692338585853577,0.2827725410461426,0.0020636380650103092,0.0015053513925522566
59,,,,1379,0.3035348355770111,0.3035348355770111,,,0.0022234150674194098,,,,,,,
,,1.2e-05,,1399,,,,,,,,,,,,
60,1399.0,,1.2000000424450263e-05,1399,,,0.07347217202186584,0.07347217202186584,,0.00045614116243086755,,,,,,
60,,,,1402,,,,,,,0.34548887610435486,0.3933301568031311,0.34548887610435486,0.3933301568031311,0.0043255845084786415,0.0017085730796679854
60,,,,1402,0.3864826560020447,0.3864826560020447,,,0.0023089656606316566,,,,,,,
61,,,,1425,,,,,,,0.38565880060195923,0.3955937623977661,0.38565880060195923,0.3955937623977661,0.005842433776706457,0.0022884435020387173
61,,,,1425,0.3293822705745697,0.3293822705745697,,,0.002381331752985716,,,,,,,
62,,,,1448,,,,,,,0.2632167935371399,0.38427770137786865,0.2632167935371399,0.38427770137786865,0.0011131599312648177,0.0015769221354275942
62,,,,1448,0.3181808590888977,0.3181808590888977,,,0.0020215394906699657,,,,,,,
,,1.2e-05,,1449,,,,,,,,,,,,
63,1449.0,,1.2000000424450263e-05,1449,,,0.11524853110313416,0.11524853110313416,,0.0005975135136395693,,,,,,
63,,,,1471,,,,,,,0.3246939778327942,0.4353667199611664,0.3246939778327942,0.4353667199611664,0.012336408719420433,0.0019449209794402122
63,,,,1471,0.3193865120410919,0.3193865120410919,,,0.0024727247655391693,,,,,,,
64,,,,1494,,,,,,,0.350353866815567,0.4236043095588684,0.350353866815567,0.4236043095588684,0.0017371533904224634,0.001706474693492055
64,,,,1494,0.3480931222438812,0.3480931222438812,,,0.002331104129552841,,,,,,,
,,1.2e-05,,1499,,,,,,,,,,,,
65,1499.0,,1.2000000424450263e-05,1499,,,0.3751874566078186,0.3751874566078186,,0.0024391300976276398,,,,,,
65,,,,1517,,,,,,,0.302284300327301,0.24965843558311462,0.302284300327301,0.24965843558311462,0.0012225036043673754,0.005641371943056583
65,,,,1517,0.30803290009498596,0.30803290009498596,,,0.0019047472160309553,,,,,,,
66,,,,1540,,,,,,,0.37593594193458557,0.48243245482444763,0.37593594193458557,0.48243245482444763,0.0017404159298166633,0.003689768258482218
66,,,,1540,0.29547426104545593,0.29547426104545593,,,0.004302916117012501,,,,,,,
,,1.2e-05,,1549,,,,,,,,,,,,
67,1549.0,,1.2000000424450263e-05,1549,,,0.15237882733345032,0.15237882733345032,,0.0007356309797614813,,,,,,
67,,,,1563,,,,,,,0.18623417615890503,0.10747842490673065,0.18623417615890503,0.10747842490673065,0.0008662238833494484,0.0005531816859729588
67,,,,1563,0.3613171875476837,0.3613171875476837,,,0.0032785760704427958,,,,,,,
68,,,,1586,,,,,,,0.2879764139652252,0.3911781311035156,0.2879764139652252,0.3911781311035156,0.0014219324802979827,0.0014642911264672875
68,,,,1586,0.3478621244430542,0.3478621244430542,,,0.004458950832486153,,,,,,,
,,1.2e-05,,1599,,,,,,,,,,,,
69,1599.0,,1.2000000424450263e-05,1599,,,0.528759241104126,0.528759241104126,,0.007804499473422766,,,,,,
69,,,,1609,,,,,,,0.2892990708351135,0.33120831847190857,0.2892990708351135,0.33120831847190857,0.0011684822384268045,0.0021224692463874817
69,,,,1609,0.3963528871536255,0.3963528871536255,,,0.0032366064842790365,,,,,,,
70,,,,1632,,,,,,,0.2871073782444,0.31917452812194824,0.2871073782444,0.31917452812194824,0.001206558314152062,0.0013340910663828254
70,,,,1632,0.29582586884498596,0.29582586884498596,,,0.0013731037033721805,,,,,,,
,,1.2e-05,,1649,,,,,,,,,,,,
71,1649.0,,1.2000000424450263e-05,1649,,,0.14884094893932343,0.14884094893932343,,0.0006956596625968814,,,,,,
71,,,,1655,,,,,,,0.26859530806541443,0.6120384931564331,0.26859530806541443,0.6120384931564331,0.0015915930271148682,0.01490589790046215
71,,,,1655,0.265021413564682,0.265021413564682,,,0.001489377347752452,,,,,,,
72,,,,1678,,,,,,,0.44862866401672363,0.37108999490737915,0.44862866401672363,0.37108999490737915,0.0027480788994580507,0.0014802938094362617
72,,,,1678,0.34211593866348267,0.34211593866348267,,,0.0027196980081498623,,,,,,,
,,1.2e-05,,1699,,,,,,,,,,,,
73,1699.0,,1.2000000424450263e-05,1699,,,0.4062740206718445,0.4062740206718445,,0.007177592720836401,,,,,,
73,,,,1701,,,,,,,0.1431892365217209,0.3407512307167053,0.1431892365217209,0.3407512307167053,0.0006858516717329621,0.002319645369425416
73,,,,1701,0.3502044379711151,0.3502044379711151,,,0.0026042181998491287,,,,,,,
74,,,,1724,,,,,,,0.38236674666404724,0.5177067518234253,0.38236674666404724,0.5177067518234253,0.0018884151941165328,0.08259816467761993
74,,,,1724,0.408612996339798,0.408612996339798,,,0.003744686720892787,,,,,,,
75,,,,1747,,,,,,,0.4313666820526123,0.3795549273490906,0.4313666820526123,0.3795549273490906,0.0037559836637228727,0.00285393837839365
75,,,,1747,0.3362967073917389,0.3362967073917389,,,0.0016912990249693394,,,,,,,
,,1.2e-05,,1749,,,,,,,,,,,,
76,1749.0,,1.2000000424450263e-05,1749,,,0.5328209400177002,0.5328209400177002,,0.0020931398030370474,,,,,,
76,,,,1770,,,,,,,0.45032039284706116,0.45256996154785156,0.45032039284706116,0.45256996154785156,0.0018613880965858698,0.0018720770021900535
76,,,,1770,0.36960268020629883,0.36960268020629883,,,0.00547242583706975,,,,,,,
77,,,,1793,,,,,,,0.349018394947052,0.238303542137146,0.349018394947052,0.238303542137146,0.0013401213800534606,0.0009975491557270288
77,,,,1793,0.39199164509773254,0.39199164509773254,,,0.003049138467758894,,,,,,,
,,1.2e-05,,1799,,,,,,,,,,,,
78,1799.0,,1.2000000424450263e-05,1799,,,0.10635808855295181,0.10635808855295181,,0.0005760897183790803,,,,,,
78,,,,1816,,,,,,,0.23187148571014404,0.4057714343070984,0.23187148571014404,0.4057714343070984,0.0026276567950844765,0.0015837984392419457
78,,,,1816,0.3093685209751129,0.3093685209751129,,,0.002932787174358964,,,,,,,
79,,,,1839,,,,,,,0.44420987367630005,0.17210206389427185,0.44420987367630005,0.17210206389427185,0.0016975847538560629,0.0007714734529145062
79,,,,1839,0.34140586853027344,0.34140586853027344,,,0.002565736183896661,,,,,,,
,,1.2e-05,,1849,,,,,,,,,,,,
80,1849.0,,1.2000000424450263e-05,1849,,,0.5048088431358337,0.5048088431358337,,0.002674603369086981,,,,,,
80,,,,1862,,,,,,,0.3627309203147888,0.19513478875160217,0.3627309203147888,0.19513478875160217,0.0021634181030094624,0.0008859304944053292
80,,,,1862,0.38375359773635864,0.38375359773635864,,,0.0045655169524252415,,,,,,,
81,,,,1885,,,,,,,0.5014047622680664,0.30650103092193604,0.5014047622680664,0.30650103092193604,0.0019644852727651596,0.01657671481370926
81,,,,1885,0.3507743775844574,0.3507743775844574,,,0.0031517604365944862,,,,,,,
,,1.2e-05,,1899,,,,,,,,,,,,
82,1899.0,,1.2000000424450263e-05,1899,,,0.43397873640060425,0.43397873640060425,,0.006052268203347921,,,,,,
82,,,,1908,,,,,,,0.2979113757610321,0.2200591117143631,0.2979113757610321,0.2200591117143631,0.0015161859337240458,0.0011105635203421116
82,,,,1908,0.3062562644481659,0.3062562644481659,,,0.004673199728131294,,,,,,,
83,,,,1931,,,,,,,0.30212876200675964,0.3350735604763031,0.30212876200675964,0.3350735604763031,0.0014344739029183984,0.0013489880366250873
83,,,,1931,0.433992862701416,0.433992862701416,,,0.005966954864561558,,,,,,,
,,1.2e-05,,1949,,,,,,,,,,,,
84,1949.0,,1.2000000424450263e-05,1949,,,0.270573228597641,0.270573228597641,,0.0010900453198701143,,,,,,
84,,,,1954,,,,,,,0.3537274897098541,0.3315199613571167,0.3537274897098541,0.3315199613571167,0.0026046154089272022,0.0013219829415902495
84,,,,1954,0.3152419328689575,0.3152419328689575,,,0.0017260783351957798,,,,,,,
85,,,,1977,,,,,,,0.2594771981239319,0.24952006340026855,0.2594771981239319,0.24952006340026855,0.0011066405568271875,0.0010951462900266051
85,,,,1977,0.3387945294380188,0.3387945294380188,,,0.006466192193329334,,,,,,,
,,1.2e-05,,1999,,,,,,,,,,,,
86,1999.0,,1.2000000424450263e-05,1999,,,0.26317518949508667,0.26317518949508667,,0.001055819564498961,,,,,,
86,,,,2000,,,,,,,0.3133748173713684,0.26720452308654785,0.3133748173713684,0.26720452308654785,0.0016051704296842217,0.001119987922720611
86,,,,2000,0.27132242918014526,0.27132242918014526,,,0.0017197151901200414,,,,,,,
87,,,,2023,,,,,,,0.22642362117767334,0.5611408352851868,0.22642362117767334,0.5611408352851868,0.0009633617592044175,0.0026695947162806988
87,,,,2023,0.31287479400634766,0.31287479400634766,,,0.0016481166239827871,,,,,,,
88,,,,2046,,,,,,,0.5268370509147644,0.36011260747909546,0.5268370509147644,0.36011260747909546,0.0027933153323829174,0.0014005983248353004
88,,,,2046,0.33941102027893066,0.33941102027893066,,,0.002984029008075595,,,,,,,
,,1.2e-05,,2049,,,,,,,,,,,,
89,2049.0,,1.2000000424450263e-05,2049,,,0.5219930410385132,0.5219930410385132,,0.0019822956528514624,,,,,,
89,,,,2069,,,,,,,0.4309522211551666,0.3197227418422699,0.4309522211551666,0.3197227418422699,0.08083868026733398,0.0014336557360365987
89,,,,2069,0.28472045063972473,0.28472045063972473,,,0.0013564096298068762,,,,,,,
90,,,,2092,,,,,,,0.4310019016265869,0.11130465567111969,0.4310019016265869,0.11130465567111969,0.0031645051203668118,0.0005824803374707699
90,,,,2092,0.3888288140296936,0.3888288140296936,,,0.0034521345514804125,,,,,,,
,,1.2e-05,,2099,,,,,,,,,,,,
91,2099.0,,1.2000000424450263e-05,2099,,,0.36723023653030396,0.36723023653030396,,0.001641258131712675,,,,,,
91,,,,2115,,,,,,,0.13581745326519012,0.39250507950782776,0.13581745326519012,0.39250507950782776,0.0006630359566770494,0.003992124460637569
91,,,,2115,0.2874872088432312,0.2874872088432312,,,0.0021413678769022226,,,,,,,
92,,,,2138,,,,,,,0.2874630093574524,0.3760683834552765,0.2874630093574524,0.3760683834552765,0.001270290114916861,0.0030608917586505413
92,,,,2138,0.33288633823394775,0.33288633823394775,,,0.0019158388022333384,,,,,,,
,,1.2e-05,,2149,,,,,,,,,,,,
93,2149.0,,1.2000000424450263e-05,2149,,,0.2525348365306854,0.2525348365306854,,0.0010365196503698826,,,,,,
93,,,,2161,,,,,,,0.3426148295402527,0.27599233388900757,0.3426148295402527,0.27599233388900757,0.0015213319566100836,0.0012077604187652469
93,,,,2161,0.3733642101287842,0.3733642101287842,,,0.002363829407840967,,,,,,,
94,,,,2184,,,,,,,0.2333264797925949,0.29536527395248413,0.2333264797925949,0.29536527395248413,0.0010028078686445951,0.0033745511900633574
94,,,,2184,0.31735432147979736,0.31735432147979736,,,0.001680885092355311,,,,,,,
,,1.2e-05,,2199,,,,,,,,,,,,
95,2199.0,,1.2000000424450263e-05,2199,,,0.2500171959400177,0.2500171959400177,,0.0010368567891418934,,,,,,
95,,,,2207,,,,,,,0.10760828107595444,0.3748333156108856,0.10760828107595444,0.3748333156108856,0.000566653034184128,0.0014830167638137937
95,,,,2207,0.294893741607666,0.294893741607666,,,0.011897043325006962,,,,,,,
96,,,,2230,,,,,,,0.21945539116859436,0.4944187104701996,0.21945539116859436,0.4944187104701996,0.0009321514517068863,0.004058769438415766
96,,,,2230,0.35897427797317505,0.35897427797317505,,,0.002102818340063095,,,,,,,
,,1.2e-05,,2249,,,,,,,,,,,,
97,2249.0,,1.2000000424450263e-05,2249,,,0.2416664958000183,0.2416664958000183,,0.0010097367921844125,,,,,,
97,,,,2253,,,,,,,0.34356144070625305,0.21746115386486053,0.34356144070625305,0.21746115386486053,0.0013472505379468203,0.0008965268498286605
97,,,,2253,0.2978936433792114,0.2978936433792114,,,0.0026624847669154406,,,,,,,
98,,,,2276,,,,,,,0.17926660180091858,0.2971782088279724,0.17926660180091858,0.2971782088279724,0.0007764800102449954,0.0012547388905659318
98,,,,2276,0.3550282120704651,0.3550282120704651,,,0.011501353234052658,,,,,,,
,,1.2e-05,,2299,,,,,,,,,,,,
99,2299.0,,1.2000000424450263e-05,2299,,,0.469948410987854,0.469948410987854,,0.001731020980514586,,,,,,
99,,,,2299,,,,,,,0.6015626788139343,0.270946204662323,0.6015626788139343,0.270946204662323,0.02082911506295204,0.0011341400677338243
99,,,,2299,0.3756491243839264,0.3756491243839264,,,0.004963255953043699,,,,,,,
100,,,,2322,,,,,,,0.27800434827804565,0.46408596634864807,0.27800434827804565,0.46408596634864807,0.0012906685005873442,0.001953291241079569
100,,,,2322,0.3708331286907196,0.3708331286907196,,,0.002354829804971814,,,,,,,
101,,,,2345,,,,,,,0.3057340085506439,0.43847575783729553,0.3057340085506439,0.43847575783729553,0.0011894188355654478,0.00182295311242342
101,,,,2345,0.35389602184295654,0.35389602184295654,,,0.003886966500431299,,,,,,,
,,1.2e-05,,2349,,,,,,,,,,,,
102,2349.0,,1.2000000424450263e-05,2349,,,0.36356276273727417,0.36356276273727417,,0.001733487006276846,,,,,,
102,,,,2368,,,,,,,0.27058327198028564,0.1956036537885666,0.27058327198028564,0.1956036537885666,0.00131946278270334,0.0009195969323627651
102,,,,2368,0.3505006432533264,0.3505006432533264,,,0.0017871377058327198,,,,,,,
103,,,,2391,,,,,,,0.31943243741989136,0.1954185664653778,0.31943243741989136,0.1954185664653778,0.0013277947437018156,0.0008456806535832584
103,,,,2391,0.3181869685649872,0.3181869685649872,,,0.0027980331797152758,,,,,,,
,,1.2e-05,,2399,,,,,,,,,,,,
104,2399.0,,1.2000000424450263e-05,2399,,,0.3437657058238983,0.3437657058238983,,0.0015299784718081355,,,,,,
104,,,,2414,,,,,,,0.32658326625823975,0.22071245312690735,0.32658326625823975,0.22071245312690735,0.0013638881500810385,0.0009466346236877143
104,,,,2414,0.32750189304351807,0.32750189304351807,,,0.0014418219216167927,,,,,,,
105,,,,2437,,,,,,,0.3704116940498352,0.2615198791027069,0.3704116940498352,0.2615198791027069,0.0014670910313725471,0.0013615887146443129
105,,,,2437,0.3198862373828888,0.3198862373828888,,,0.0025331960059702396,,,,,,,
,,1.2e-05,,2449,,,,,,,,,,,,
106,2449.0,,1.2000000424450263e-05,2449,,,0.4958740472793579,0.4958740472793579,,0.021010685712099075,,,,,,
106,,,,2460,,,,,,,0.4508788585662842,0.19872474670410156,0.4508788585662842,0.19872474670410156,0.0021074090618640184,0.0008374488679692149
106,,,,2460,0.3152349293231964,0.3152349293231964,,,0.005682955961674452,,,,,,,
107,,,,2483,,,,,,,0.20094850659370422,0.24557845294475555,0.20094850659370422,0.24557845294475555,0.001304779900237918,0.0013010844122618437
107,,,,2483,0.34708458185195923,0.34708458185195923,,,0.0015807494055479765,,,,,,,
,,1.2e-05,,2499,,,,,,,,,,,,
108,2499.0,,1.2000000424450263e-05,2499,,,0.11244000494480133,0.11244000494480133,,0.0005698645836673677,,,,,,
108,,,,2506,,,,,,,0.28019943833351135,0.2599376142024994,0.28019943833351135,0.2599376142024994,0.001360097317956388,0.0011099567636847496
108,,,,2506,0.3832608163356781,0.3832608163356781,,,0.002150641055777669,,,,,,,
109,,,,2529,,,,,,,0.5599180459976196,0.2990976870059967,0.5599180459976196,0.2990976870059967,0.003709062235429883,0.0047845845110714436
109,,,,2529,0.3795604705810547,0.3795604705810547,,,0.0022906078957021236,,,,,,,
,,1.2e-05,,2549,,,,,,,,,,,,
110,2549.0,,1.2000000424450263e-05,2549,,,0.28364038467407227,0.28364038467407227,,0.0011409118305891752,,,,,,
110,,,,2552,,,,,,,0.5337910652160645,0.48175373673439026,0.5337910652160645,0.48175373673439026,0.0028509292751550674,0.002934460761025548
110,,,,2552,0.32519230246543884,0.32519230246543884,,,0.0017029023729264736,,,,,,,
111,,,,2575,,,,,,,0.24659688770771027,0.299262136220932,0.24659688770771027,0.299262136220932,0.0011333695147186518,0.08188002556562424
111,,,,2575,0.3516317903995514,0.3516317903995514,,,0.004063064232468605,,,,,,,
112,,,,2598,,,,,,,0.34956789016723633,0.46898001432418823,0.34956789016723633,0.46898001432418823,0.0014055129140615463,0.0035946331918239594
112,,,,2598,0.3046111464500427,0.3046111464500427,,,0.0019725444726645947,,,,,,,
,,1.2e-05,,2599,,,,,,,,,,,,
113,2599.0,,1.2000000424450263e-05,2599,,,0.516991138458252,0.516991138458252,,0.01944740302860737,,,,,,
113,,,,2621,,,,,,,0.3659296929836273,0.40652942657470703,0.3659296929836273,0.40652942657470703,0.0019962619990110397,0.0022426012437790632
113,,,,2621,0.35757094621658325,0.35757094621658325,,,0.004500166978687048,,,,,,,
114,,,,2644,,,,,,,0.3846307098865509,0.324521005153656,0.3846307098865509,0.324521005153656,0.0023032627068459988,0.0013110352447256446
114,,,,2644,0.39952731132507324,0.39952731132507324,,,0.004154898691922426,,,,,,,
,,1.2e-05,,2649,,,,,,,,,,,,
115,2649.0,,1.2000000424450263e-05,2649,,,0.2645358145236969,0.2645358145236969,,0.0010576217900961637,,,,,,
115,,,,2667,,,,,,,0.3256455659866333,0.3481957018375397,0.3256455659866333,0.3481957018375397,0.0016798910219222307,0.00137850281316787
115,,,,2667,0.3523063063621521,0.3523063063621521,,,0.00545309716835618,,,,,,,
116,,,,2690,,,,,,,0.4181707501411438,0.2896605134010315,0.4181707501411438,0.2896605134010315,0.0020453105680644512,0.0014439037768170238
116,,,,2690,0.3388204872608185,0.3388204872608185,,,0.0031615246552973986,,,,,,,
,,1.2e-05,,2699,,,,,,,,,,,,
117,2699.0,,1.2000000424450263e-05,2699,,,0.06539101898670197,0.06539101898670197,,0.00040744111174717546,,,,,,
117,,,,2713,,,,,,,0.5605047345161438,0.19759628176689148,0.5605047345161438,0.19759628176689148,0.009118795394897461,0.0009493680554442108
117,,,,2713,0.30948853492736816,0.30948853492736816,,,0.001366564305499196,,,,,,,
118,,,,2736,,,,,,,0.29964807629585266,0.2510647773742676,0.29964807629585266,0.2510647773742676,0.0012760572135448456,0.0010262110736221075
118,,,,2736,0.3170439600944519,0.3170439600944519,,,0.005979331210255623,,,,,,,
,,1.2e-05,,2749,,,,,,,,,,,,
119,2749.0,,1.2000000424450263e-05,2749,,,0.2375362366437912,0.2375362366437912,,0.0009830155177041888,,,,,,
119,,,,2759,,,,,,,0.2476004809141159,0.1785930097103119,0.2476004809141159,0.1785930097103119,0.0014492113841697574,0.0007938219350762665
119,,,,2759,0.35415253043174744,0.35415253043174744,,,0.0041448455303907394,,,,,,,
120,,,,2782,,,,,,,0.397954523563385,0.22222498059272766,0.397954523563385,0.22222498059272766,0.0026400990318506956,0.0009209431591443717
120,,,,2782,0.3806779086589813,0.3806779086589813,,,0.004010917153209448,,,,,,,
,,1.2e-05,,2799,,,,,,,,,,,,
121,2799.0,,1.2000000424450263e-05,2799,,,0.5556442737579346,0.5556442737579346,,0.011060821823775768,,,,,,
121,,,,2805,,,,,,,0.2476969063282013,0.34807315468788147,0.2476969063282013,0.34807315468788147,0.0010140880476683378,0.0018265184480696917
121,,,,2805,0.3816073536872864,0.3816073536872864,,,0.009419678710401058,,,,,,,
122,,,,2828,,,,,,,0.48338741064071655,0.37364792823791504,0.48338741064071655,0.37364792823791504,0.0022571617737412453,0.0017657900461927056
122,,,,2828,0.3020937144756317,0.3020937144756317,,,0.002729502273723483,,,,,,,
,,1.2e-05,,2849,,,,,,,,,,,,
123,2849.0,,1.2000000424450263e-05,2849,,,0.37813177704811096,0.37813177704811096,,0.0022379527799785137,,,,,,
123,,,,2851,,,,,,,0.28452128171920776,0.32640528678894043,0.28452128171920776,0.32640528678894043,0.001225281273946166,0.0014660741435363889
123,,,,2851,0.38551774621009827,0.38551774621009827,,,0.002252242062240839,,,,,,,
124,,,,2874,,,,,,,0.33394014835357666,0.3460274338722229,0.33394014835357666,0.3460274338722229,0.0015303789405152202,0.0014545776648446918
124,,,,2874,0.28207460045814514,0.28207460045814514,,,0.0014162836596369743,,,,,,,
125,,,,2897,,,,,,,0.3126005530357361,0.4706405997276306,0.3126005530357361,0.4706405997276306,0.008839868009090424,0.004564117640256882
125,,,,2897,0.3422737717628479,0.3422737717628479,,,0.0023590740747749805,,,,,,,
,,1.2e-05,,2899,,,,,,,,,,,,
126,2899.0,,1.2000000424450263e-05,2899,,,0.22835440933704376,0.22835440933704376,,0.0009664671961218119,,,,,,
126,,,,2920,,,,,,,0.4675612449645996,0.3575502634048462,0.4675612449645996,0.3575502634048462,0.005143567454069853,0.0014456622302532196
126,,,,2920,0.3465120196342468,0.3465120196342468,,,0.002688865177333355,,,,,,,
127,,,,2943,,,,,,,0.3132709860801697,0.33861276507377625,0.3132709860801697,0.33861276507377625,0.002025329740718007,0.0014621871523559093
127,,,,2943,0.41546913981437683,0.41546913981437683,,,0.0031093957368284464,,,,,,,
,,1.2e-05,,2949,,,,,,,,,,,,
128,2949.0,,1.2000000424450263e-05,2949,,,0.39030009508132935,0.39030009508132935,,0.0015142681077122688,,,,,,
128,,,,2966,,,,,,,0.45283442735671997,0.3301074504852295,0.45283442735671997,0.3301074504852295,0.0020021393429487944,0.001282956451177597
128,,,,2966,0.37380266189575195,0.37380266189575195,,,0.002271374687552452,,,,,,,
129,,,,2989,,,,,,,0.5555310249328613,0.22341760993003845,0.5555310249328613,0.22341760993003845,0.01809403859078884,0.0011568048503249884
129,,,,2989,0.3226223587989807,0.3226223587989807,,,0.0018481066217646003,,,,,,,
,,1.2e-05,,2999,,,,,,,,,,,,
130,2999.0,,1.2000000424450263e-05,2999,,,0.2227403223514557,0.2227403223514557,,0.0009132232517004013,,,,,,
130,,,,3012,,,,,,,0.3270817995071411,0.38624146580696106,0.3270817995071411,0.38624146580696106,0.0013931806897744536,0.0022696468513458967
130,,,,3012,0.29376158118247986,0.29376158118247986,,,0.0018414973746985197,,,,,,,
131,,,,3035,,,,,,,0.27081063389778137,0.29480093717575073,0.27081063389778137,0.29480093717575073,0.0010785500053316355,0.002457519993185997
131,,,,3035,0.2846164107322693,0.2846164107322693,,,0.0021983180195093155,,,,,,,
,,1.2e-05,,3049,,,,,,,,,,,,
132,3049.0,,1.2000000424450263e-05,3049,,,0.31297779083251953,0.31297779083251953,,0.0012823716970160604,,,,,,
132,,,,3058,,,,,,,0.4542916715145111,0.42751866579055786,0.4542916715145111,0.42751866579055786,0.0020367095712572336,0.0022281710989773273
132,,,,3058,0.36099475622177124,0.36099475622177124,,,0.01110292598605156,,,,,,,
133,,,,3081,,,,,,,0.41109800338745117,0.43370479345321655,0.41109800338745117,0.43370479345321655,0.001617196947336197,0.0019101162906736135
133,,,,3081,0.3509708642959595,0.3509708642959595,,,0.005241758190095425,,,,,,,
,,1.2e-05,,3099,,,,,,,,,,,,
134,3099.0,,1.2000000424450263e-05,3099,,,0.3664858937263489,0.3664858937263489,,0.0015666118124499917,,,,,,
134,,,,3104,,,,,,,0.5313358902931213,0.1951129138469696,0.5313358902931213,0.1951129138469696,0.0029663466848433018,0.0008148822817020118
134,,,,3104,0.36116307973861694,0.36116307973861694,,,0.011374730616807938,,,,,,,
135,,,,3127,,,,,,,0.34873807430267334,0.3132786750793457,0.34873807430267334,0.3132786750793457,0.0018853995716199279,0.0012926741037517786
135,,,,3127,0.36314070224761963,0.36314070224761963,,,0.004331572446972132,,,,,,,
,,1.2e-05,,3149,,,,,,,,,,,,
136,3149.0,,1.2000000424450263e-05,3149,,,0.07376677542924881,0.07376677542924881,,0.00045415054773911834,,,,,,
136,,,,3150,,,,,,,0.321442186832428,0.24351470172405243,0.321442186832428,0.24351470172405243,0.001372286700643599,0.0010090480791404843
136,,,,3150,0.24210476875305176,0.24210476875305176,,,0.0015095663256943226,,,,,,,
137,,,,3173,,,,,,,0.17355883121490479,0.26155799627304077,0.17355883121490479,0.26155799627304077,0.0007817730074748397,0.003622946096584201
137,,,,3173,0.3359019160270691,0.3359019160270691,,,0.0014939995016902685,,,,,,,
138,,,,3196,,,,,,,0.30592817068099976,0.12239889800548553,0.30592817068099976,0.12239889800548553,0.0014935272047296166,0.0006137463496997952
138,,,,3196,0.2570149600505829,0.2570149600505829,,,0.002538996050134301,,,,,,,
,,1.2e-05,,3199,,,,,,,,,,,,
139,3199.0,,1.2000000424450263e-05,3199,,,0.45510515570640564,0.45510515570640564,,0.0017120554111897945,,,,,,
139,,,,3219,,,,,,,0.3272785544395447,0.24206343293190002,0.3272785544395447,0.24206343293190002,0.002294345758855343,0.0009897586423903704
139,,,,3219,0.3471928834915161,0.3471928834915161,,,0.0023305341601371765,,,,,,,
140,,,,3242,,,,,,,0.39333999156951904,0.2881503701210022,0.39333999156951904,0.2881503701210022,0.0015642282087355852,0.0011627009371295571
140,,,,3242,0.364787220954895,0.364787220954895,,,0.0029830860439687967,,,,,,,
,,1.2e-05,,3249,,,,,,,,,,,,
141,3249.0,,1.2000000424450263e-05,3249,,,0.6069328784942627,0.6069328784942627,,0.004013408906757832,,,,,,
141,,,,3265,,,,,,,0.4351583421230316,0.13022616505622864,0.4351583421230316,0.13022616505622864,0.0809326022863388,0.0006071599782444537
141,,,,3265,0.34836772084236145,0.34836772084236145,,,0.002081473357975483,,,,,,,
142,,,,3288,,,,,,,0.2219112366437912,0.3174784779548645,0.2219112366437912,0.3174784779548645,0.001141607528552413,0.08189576864242554
142,,,,3288,0.37789562344551086,0.37789562344551086,,,0.0034117053728550673,,,,,,,
,,1.2e-05,,3299,,,,,,,,,,,,
143,3299.0,,1.2000000424450263e-05,3299,,,0.6541432738304138,0.6541432738304138,,0.0032472782768309116,,,,,,
143,,,,3311,,,,,,,0.37372657656669617,0.5729121565818787,0.37372657656669617,0.5729121565818787,0.0021271284203976393,0.003531245980411768
143,,,,3311,0.3391110599040985,0.3391110599040985,,,0.0018366625299677253,,,,,,,
144,,,,3334,,,,,,,0.48771554231643677,0.4963364601135254,0.48771554231643677,0.4963364601135254,0.007704676128923893,0.04153596609830856
144,,,,3334,0.36070021986961365,0.36070021986961365,,,0.0026283147744834423,,,,,,,
,,1.2e-05,,3349,,,,,,,,,,,,
145,3349.0,,1.2000000424450263e-05,3349,,,0.7057566046714783,0.7057566046714783,,0.004948075860738754,,,,,,
145,,,,3357,,,,,,,0.13340409100055695,0.5011902451515198,0.13340409100055695,0.5011902451515198,0.0006333407363854349,0.0026551862247288227
145,,,,3357,0.3074733018875122,0.3074733018875122,,,0.0017229242948815227,,,,,,,
146,,,,3380,,,,,,,0.34561997652053833,0.39696770906448364,0.34561997652053833,0.39696770906448364,0.007119734771549702,0.0016304521122947335
146,,,,3380,0.34203040599823,0.34203040599823,,,0.0024043582379817963,,,,,,,
,,1.2e-05,,3399,,,,,,,,,,,,
147,3399.0,,1.2000000424450263e-05,3399,,,0.3039841055870056,0.3039841055870056,,0.001195307238958776,,,,,,
147,,,,3403,,,,,,,0.47045621275901794,0.3594990372657776,0.47045621275901794,0.3594990372657776,0.002114583272486925,0.001700551831163466
147,,,,3403,0.2899494767189026,0.2899494767189026,,,0.001480180537328124,,,,,,,
148,,,,3426,,,,,,,0.353949636220932,0.4490985870361328,0.353949636220932,0.4490985870361328,0.002689075656235218,0.0017623031744733453
148,,,,3426,0.36451902985572815,0.36451902985572815,,,0.0034019972663372755,,,,,,,
,,1.2e-05,,3449,,,,,,,,,,,,
149,3449.0,,1.2000000424450263e-05,3449,,,0.1683310568332672,0.1683310568332672,,0.000795213331002742,,,,,,
149,,,,3449,,,,,,,0.3760239779949188,0.22401753067970276,0.3760239779949188,0.22401753067970276,0.001546151703223586,0.0009700296213850379
149,,,,3449,0.3547202944755554,0.3547202944755554,,,0.012062545865774155,,,,,,,
150,,,,3472,,,,,,,0.38520312309265137,0.4576001763343811,0.38520312309265137,0.4576001763343811,0.0033549885265529156,0.0020165988244116306
150,,,,3472,0.3190746307373047,0.3190746307373047,,,0.0029836425092071295,,,,,,,
151,,,,3495,,,,,,,0.5523892045021057,0.2690785825252533,0.5523892045021057,0.2690785825252533,0.003272289875894785,0.0021784405689686537
151,,,,3495,0.3467763364315033,0.3467763364315033,,,0.003838298609480262,,,,,,,
,,1.2e-05,,3499,,,,,,,,,,,,
152,3499.0,,1.2000000424450263e-05,3499,,,0.26788997650146484,0.26788997650146484,,0.001070894650183618,,,,,,
152,,,,3518,,,,,,,0.4687182903289795,0.20263221859931946,0.4687182903289795,0.20263221859931946,0.018107622861862183,0.0008612187812104821
152,,,,3518,0.33582448959350586,0.33582448959350586,,,0.004755031317472458,,,,,,,
153,,,,3541,,,,,,,0.13275501132011414,0.3539816439151764,0.13275501132011414,0.3539816439151764,0.0006256105261854827,0.02750057354569435
153,,,,3541,0.3029671311378479,0.3029671311378479,,,0.0023672576062381268,,,,,,,
,,1.2e-05,,3549,,,,,,,,,,,,
154,3549.0,,1.2000000424450263e-05,3549,,,0.1811123490333557,0.1811123490333557,,0.0008116457611322403,,,,,,
154,,,,3564,,,,,,,0.4192703366279602,0.5392693877220154,0.4192703366279602,0.5392693877220154,0.0016920898342505097,0.005124819464981556
154,,,,3564,0.3447984457015991,0.3447984457015991,,,0.004109993111342192,,,,,,,
155,,,,3587,,,,,,,0.45480722188949585,0.5329172611236572,0.45480722188949585,0.5329172611236572,0.0022056601010262966,0.003145174589008093
155,,,,3587,0.2874220907688141,0.2874220907688141,,,0.0017812346341088414,,,,,,,
,,1.2e-05,,3599,,,,,,,,,,,,
156,3599.0,,1.2000000424450263e-05,3599,,,0.10778266191482544,0.10778266191482544,,0.000550608616322279,,,,,,
156,,,,3610,,,,,,,0.4684825837612152,0.46829041838645935,0.4684825837612152,0.46829041838645935,0.004701622761785984,0.002235991880297661
156,,,,3610,0.35704535245895386,0.35704535245895386,,,0.002231922699138522,,,,,,,
157,,,,3633,,,,,,,0.32926809787750244,0.2292408049106598,0.32926809787750244,0.2292408049106598,0.02110917493700981,0.0009452439844608307
157,,,,3633,0.324083536863327,0.324083536863327,,,0.002277676248922944,,,,,,,
,,1.2e-05,,3649,,,,,,,,,,,,
158,3649.0,,1.2000000424450263e-05,3649,,,0.33059895038604736,0.33059895038604736,,0.0013341167941689491,,,,,,
158,,,,3656,,,,,,,0.29447993636131287,0.3371036946773529,0.29447993636131287,0.3371036946773529,0.0015263695968315005,0.0015077171847224236
158,,,,3656,0.3645695149898529,0.3645695149898529,,,0.0039308820851147175,,,,,,,
159,,,,3679,,,,,,,0.35832926630973816,0.2702203392982483,0.35832926630973816,0.2702203392982483,0.0016483028884977102,0.0011683290358632803
159,,,,3679,0.36132189631462097,0.36132189631462097,,,0.0072486246936023235,,,,,,,
,,1.2e-05,,3699,,,,,,,,,,,,
160,3699.0,,1.2000000424450263e-05,3699,,,0.09980940818786621,0.09980940818786621,,0.0005316582974046469,,,,,,
160,,,,3702,,,,,,,0.2744925618171692,0.33084481954574585,0.2744925618171692,0.33084481954574585,0.001285085454583168,0.0014278882881626487
160,,,,3702,0.28756433725357056,0.28756433725357056,,,0.0023786495439708233,,,,,,,
161,,,,3725,,,,,,,0.2752605080604553,0.22785651683807373,0.2752605080604553,0.22785651683807373,0.0012047083582729101,0.0009569057147018611
161,,,,3725,0.34470611810684204,0.34470611810684204,,,0.0023821163922548294,,,,,,,
162,,,,3748,,,,,,,0.21626535058021545,0.3378593325614929,0.21626535058021545,0.3378593325614929,0.001096497057005763,0.0015898824203759432
162,,,,3748,0.27076461911201477,0.27076461911201477,,,0.005600388161838055,,,,,,,
,,1.2e-05,,3749,,,,,,,,,,,,
163,3749.0,,1.2000000424450263e-05,3749,,,0.6725437641143799,0.6725437641143799,,0.0037749316543340683,,,,,,
163,,,,3771,,,,,,,0.5621218085289001,0.4748605191707611,0.5621218085289001,0.4748605191707611,0.007085698656737804,0.00252533215098083
163,,,,3771,0.3934832811355591,0.3934832811355591,,,0.007678822614252567,,,,,,,
164,,,,3794,,,,,,,0.461076557636261,0.20358315110206604,0.461076557636261,0.20358315110206604,0.0023833184968680143,0.0008710271795280278
164,,,,3794,0.2921176552772522,0.2921176552772522,,,0.002125476486980915,,,,,,,
,,1.2e-05,,3799,,,,,,,,,,,,
165,3799.0,,1.2000000424450263e-05,3799,,,0.31651026010513306,0.31651026010513306,,0.0012976904399693012,,,,,,
165,,,,3817,,,,,,,0.3831922709941864,0.5353460907936096,0.3831922709941864,0.5353460907936096,0.0019503312651067972,0.0033390619792044163
165,,,,3817,0.2798609435558319,0.2798609435558319,,,0.0018828719621524215,,,,,,,
166,,,,3840,,,,,,,0.15127448737621307,0.3738778829574585,0.15127448737621307,0.3738778829574585,0.0006928538787178695,0.0015351891051977873
166,,,,3840,0.3799148499965668,0.3799148499965668,,,0.0020635135006159544,,,,,,,
,,1.2e-05,,3849,,,,,,,,,,,,
167,3849.0,,1.2000000424450263e-05,3849,,,0.3245285451412201,0.3245285451412201,,0.0013551540905609727,,,,,,
167,,,,3863,,,,,,,0.3587816655635834,0.29619258642196655,0.3587816655635834,0.29619258642196655,0.007716629654169083,0.0012864996679127216
167,,,,3863,0.3192225396633148,0.3192225396633148,,,0.0018512270180508494,,,,,,,
168,,,,3886,,,,,,,0.18689386546611786,0.3273767828941345,0.18689386546611786,0.3273767828941345,0.0008652053656987846,0.0013891479466110468
168,,,,3886,0.30037349462509155,0.30037349462509155,,,0.0021036274265497923,,,,,,,
,,1.2e-05,,3899,,,,,,,,,,,,
169,3899.0,,1.2000000424450263e-05,3899,,,0.26854515075683594,0.26854515075683594,,0.001083105686120689,,,,,,
169,,,,3909,,,,,,,0.26843535900115967,0.3129329979419708,0.26843535900115967,0.3129329979419708,0.001056905835866928,0.0016392642864957452
169,,,,3909,0.2850920259952545,0.2850920259952545,,,0.0020952580962330103,,,,,,,
170,,,,3932,,,,,,,0.20186281204223633,0.366054892539978,0.20186281204223633,0.366054892539978,0.0008414419135078788,0.006719501223415136
170,,,,3932,0.3155430257320404,0.3155430257320404,,,0.0015462824376299977,,,,,,,
,,1.2e-05,,3949,,,,,,,,,,,,
171,3949.0,,1.2000000424450263e-05,3949,,,0.17048431932926178,0.17048431932926178,,0.000790290767326951,,,,,,
171,,,,3955,,,,,,,0.3338533937931061,0.3336925804615021,0.3338533937931061,0.3336925804615021,0.0015203494112938643,0.0013282735599204898
171,,,,3955,0.3107479214668274,0.3107479214668274,,,0.0016854534624144435,,,,,,,
172,,,,3978,,,,,,,0.23532924056053162,0.1576046645641327,0.23532924056053162,0.1576046645641327,0.0009832174982875586,0.0007226799498312175
172,,,,3978,0.31245291233062744,0.31245291233062744,,,0.001551723456941545,,,,,,,
,,1.2e-05,,3999,,,,,,,,,,,,
173,3999.0,,1.2000000424450263e-05,3999,,,0.5404900312423706,0.5404900312423706,,0.0031120735220611095,,,,,,
173,,,,4001,,,,,,,0.2935716211795807,0.43054476380348206,0.2935716211795807,0.43054476380348206,0.0013369352091103792,0.017534498125314713
173,,,,4001,0.35684362053871155,0.35684362053871155,,,0.0036062204744666815,,,,,,,
174,,,,4024,,,,,,,0.2928570806980133,0.2744637131690979,0.2928570806980133,0.2744637131690979,0.0016029545804485679,0.0012071180390194058
174,,,,4024,0.37418946623802185,0.37418946623802185,,,0.004521442577242851,,,,,,,
175,,,,4047,,,,,,,0.2480994164943695,0.30202716588974,0.2480994164943695,0.30202716588974,0.0019729570485651493,0.0016293671214953065
175,,,,4047,0.3902989327907562,0.3902989327907562,,,0.003307908773422241,,,,,,,
,,1.2e-05,,4049,,,,,,,,,,,,
176,4049.0,,1.2000000424450263e-05,4049,,,0.31082016229629517,0.31082016229629517,,0.001262158271856606,,,,,,
176,,,,4070,,,,,,,0.41763147711753845,0.5728503465652466,0.41763147711753845,0.5728503465652466,0.012878033332526684,0.005050257313996553
176,,,,4070,0.3392144441604614,0.3392144441604614,,,0.0027930315118283033,,,,,,,
177,,,,4093,,,,,,,0.40359044075012207,0.23903533816337585,0.40359044075012207,0.23903533816337585,0.0024358341470360756,0.0014952365309000015
177,,,,4093,0.3143857419490814,0.3143857419490814,,,0.002073998562991619,,,,,,,
,,1.2e-05,,4099,,,,,,,,,,,,
178,4099.0,,1.2000000424450263e-05,4099,,,0.39359110593795776,0.39359110593795776,,0.0033895960077643394,,,,,,
178,,,,4116,,,,,,,0.25051647424697876,0.4230979084968567,0.25051647424697876,0.4230979084968567,0.0010791928507387638,0.0024534198455512524
178,,,,4116,0.30445942282676697,0.30445942282676697,,,0.0017360218334943056,,,,,,,
179,,,,4139,,,,,,,0.33029285073280334,0.1119597777724266,0.33029285073280334,0.1119597777724266,0.0015969217056408525,0.0005656557041220367
179,,,,4139,0.34059497714042664,0.34059497714042664,,,0.0024003589060157537,,,,,,,
,,1.2e-05,,4149,,,,,,,,,,,,
180,4149.0,,1.2000000424450263e-05,4149,,,0.3805394768714905,0.3805394768714905,,0.0014945529401302338,,,,,,
180,,,,4162,,,,,,,0.46601471304893494,0.5233290791511536,0.46601471304893494,0.5233290791511536,0.001794681535102427,0.004274250473827124
180,,,,4162,0.3664424419403076,0.3664424419403076,,,0.004328741226345301,,,,,,,
181,,,,4185,,,,,,,0.20219719409942627,0.14901483058929443,0.20219719409942627,0.14901483058929443,0.0009772094199433923,0.0006579860928468406
181,,,,4185,0.3458039164543152,0.3458039164543152,,,0.0018146198708564043,,,,,,,
,,1.2e-05,,4199,,,,,,,,,,,,
182,4199.0,,1.2000000424450263e-05,4199,,,0.10770752280950546,0.10770752280950546,,0.0005804990651085973,,,,,,
182,,,,4208,,,,,,,0.29415977001190186,0.20019638538360596,0.29415977001190186,0.20019638538360596,0.001169102848507464,0.0008421262027695775
182,,,,4208,0.35275575518608093,0.35275575518608093,,,0.0018422375433146954,,,,,,,
183,,,,4231,,,,,,,0.30107295513153076,0.48712047934532166,0.30107295513153076,0.48712047934532166,0.0013002302730455995,0.004529900848865509
183,,,,4231,0.34326374530792236,0.34326374530792236,,,0.007124533876776695,,,,,,,
,,1.2e-05,,4249,,,,,,,,,,,,
184,4249.0,,1.2000000424450263e-05,4249,,,0.3942411541938782,0.3942411541938782,,0.00360190961509943,,,,,,
184,,,,4254,,,,,,,0.3040845990180969,0.3947139382362366,0.3040845990180969,0.3947139382362366,0.0013665565056726336,0.003000593977048993
184,,,,4254,0.29082199931144714,0.29082199931144714,,,0.002429034560918808,,,,,,,
185,,,,4277,,,,,,,0.30379337072372437,0.36015617847442627,0.30379337072372437,0.36015617847442627,0.0014217660063877702,0.002532318700104952
185,,,,4277,0.32685473561286926,0.32685473561286926,,,0.0022047320380806923,,,,,,,
,,1.2e-05,,4299,,,,,,,,,,,,
186,4299.0,,1.2000000424450263e-05,4299,,,0.21440371870994568,0.21440371870994568,,0.0008753041620366275,,,,,,
186,,,,4300,,,,,,,0.3725508749485016,0.36614885926246643,0.3725508749485016,0.36614885926246643,0.0018455714453011751,0.0014258876908570528
186,,,,4300,0.34606775641441345,0.34606775641441345,,,0.0021035524550825357,,,,,,,
187,,,,4323,,,,,,,0.12693491578102112,0.22148898243904114,0.12693491578102112,0.22148898243904114,0.0006283581024035811,0.0009491982054896653
187,,,,4323,0.2958580553531647,0.2958580553531647,,,0.0032647340558469296,,,,,,,
188,,,,4346,,,,,,,0.23000212013721466,0.3156227171421051,0.23000212013721466,0.3156227171421051,0.0009801164269447327,0.0015713045140728354
188,,,,4346,0.31196117401123047,0.31196117401123047,,,0.002129193628206849,,,,,,,
,,1.2e-05,,4349,,,,,,,,,,,,
189,4349.0,,1.2000000424450263e-05,4349,,,0.43706101179122925,0.43706101179122925,,0.002938351361081004,,,,,,
189,,,,4369,,,,,,,0.29549136757850647,0.4332043528556824,0.29549136757850647,0.4332043528556824,0.0012709961738437414,0.0020751652773469687
189,,,,4369,0.29185301065444946,0.29185301065444946,,,0.0016374678816646338,,,,,,,
190,,,,4392,,,,,,,0.32869571447372437,0.419522762298584,0.32869571447372437,0.419522762298584,0.0030158902518451214,0.001962050097063184
190,,,,4392,0.3268048167228699,0.3268048167228699,,,0.002012105192989111,,,,,,,
,,1.2e-05,,4399,,,,,,,,,,,,
191,4399.0,,1.2000000424450263e-05,4399,,,0.4858405888080597,0.4858405888080597,,0.001821073004975915,,,,,,
191,,,,4415,,,,,,,0.5535885095596313,0.43582481145858765,0.5535885095596313,0.43582481145858765,0.0043315589427948,0.0018623139476403594
191,,,,4415,0.34395354986190796,0.34395354986190796,,,0.002997254254296422,,,,,,,
192,,,,4438,,,,,,,0.2823079228401184,0.34879225492477417,0.2823079228401184,0.34879225492477417,0.001196672790683806,0.0023562076967209578
192,,,,4438,0.3258986473083496,0.3258986473083496,,,0.019642654806375504,,,,,,,
,,1.2e-05,,4449,,,,,,,,,,,,
193,4449.0,,1.2000000424450263e-05,4449,,,0.5236153602600098,0.5236153602600098,,0.0020944210700690746,,,,,,
193,,,,4461,,,,,,,0.2529054880142212,0.507655143737793,0.2529054880142212,0.507655143737793,0.001042921794578433,0.004435443319380283
193,,,,4461,0.3562491536140442,0.3562491536140442,,,0.004076923243701458,,,,,,,
194,,,,4484,,,,,,,0.43035072088241577,0.3610099256038666,0.43035072088241577,0.3610099256038666,0.002526620402932167,0.0018002294236794114
194,,,,4484,0.38173988461494446,0.38173988461494446,,,0.0022227647714316845,,,,,,,
,,1.2e-05,,4499,,,,,,,,,,,,
195,4499.0,,1.2000000424450263e-05,4499,,,0.3404310941696167,0.3404310941696167,,0.0013278836850076914,,,,,,
195,,,,4507,,,,,,,0.47603926062583923,0.30170196294784546,0.47603926062583923,0.30170196294784546,0.002302667824551463,0.001488080364651978
195,,,,4507,0.2940137982368469,0.2940137982368469,,,0.0017047749133780599,,,,,,,
196,,,,4530,,,,,,,0.4071114659309387,0.38027650117874146,0.4071114659309387,0.38027650117874146,0.002126682549715042,0.006794235203415155
196,,,,4530,0.3347037136554718,0.3347037136554718,,,0.0032929314766079187,,,,,,,
,,1.2e-05,,4549,,,,,,,,,,,,
197,4549.0,,1.2000000424450263e-05,4549,,,0.20055267214775085,0.20055267214775085,,0.000884107081219554,,,,,,
197,,,,4553,,,,,,,0.34846872091293335,0.2304503172636032,0.34846872091293335,0.2304503172636032,0.0015653830487281084,0.0009544452768750489
197,,,,4553,0.32522693276405334,0.32522693276405334,,,0.002014981349930167,,,,,,,
198,,,,4576,,,,,,,0.09850496053695679,0.40475916862487793,0.09850496053695679,0.40475916862487793,0.0005105867749080062,0.0016376435523852706
198,,,,4576,0.27813559770584106,0.27813559770584106,,,0.0022731421049684286,,,,,,,
,,1.2e-05,,4599,,,,,,,,,,,,
199,4599.0,,1.2000000424450263e-05,4599,,,0.30416321754455566,0.30416321754455566,,0.0011835627956315875,,,,,,
199,,,,4599,,,,,,,0.37755468487739563,0.4956130385398865,0.37755468487739563,0.4956130385398865,0.0018500636797398329,0.0045376671478152275
199,,,,4599,0.34726259112358093,0.34726259112358093,,,0.0042300745844841,,,,,,,
200,,,,4622,,,,,,,0.327938973903656,0.31678277254104614,0.327938973903656,0.31678277254104614,0.0014197295531630516,0.0013301440048962831
200,,,,4622,0.3402629494667053,0.3402629494667053,,,0.00191440898925066,,,,,,,
201,,,,4645,,,,,,,0.558409571647644,0.407310426235199,0.558409571647644,0.407310426235199,0.0030619765166193247,0.00839981809258461
201,,,,4645,0.4585514962673187,0.4585514962673187,,,0.0031503571663051844,,,,,,,
,,1.2e-05,,4649,,,,,,,,,,,,
202,4649.0,,1.2000000424450263e-05,4649,,,0.2905120253562927,0.2905120253562927,,0.0011693432461470366,,,,,,
202,,,,4668,,,,,,,0.28500860929489136,0.347114622592926,0.28500860929489136,0.347114622592926,0.0016842139884829521,0.00140478671528399
202,,,,4668,0.259716659784317,0.259716659784317,,,0.0014280368341132998,,,,,,,
203,,,,4691,,,,,,,0.21778830885887146,0.3141043186187744,0.21778830885887146,0.3141043186187744,0.0008963354048319161,0.0017311995616182685
203,,,,4691,0.3647901713848114,0.3647901713848114,,,0.0018586983205750585,,,,,,,
,,1.2e-05,,4699,,,,,,,,,,,,
204,4699.0,,1.2000000424450263e-05,4699,,,0.2721453905105591,0.2721453905105591,,0.001094152801670134,,,,,,
204,,,,4714,,,,,,,0.453021377325058,0.42818889021873474,0.453021377325058,0.42818889021873474,0.004373704548925161,0.011622315272688866
204,,,,4714,0.4122072458267212,0.4122072458267212,,,0.004860838875174522,,,,,,,
205,,,,4737,,,,,,,0.40479183197021484,0.2802942395210266,0.40479183197021484,0.2802942395210266,0.004460246302187443,0.0018624240765348077
205,,,,4737,0.31679463386535645,0.31679463386535645,,,0.002431320259347558,,,,,,,
,,1.2e-05,,4749,,,,,,,,,,,,
206,4749.0,,1.2000000424450263e-05,4749,,,0.20636530220508575,0.20636530220508575,,0.0008869662997312844,,,,,,
206,,,,4760,,,,,,,0.37864381074905396,0.4454030990600586,0.37864381074905396,0.4454030990600586,0.0017636518459767103,0.0018454603850841522
206,,,,4760,0.38575366139411926,0.38575366139411926,,,0.0018664750969037414,,,,,,,
207,,,,4783,,,,,,,0.4008027911186218,0.49598056077957153,0.4008027911186218,0.49598056077957153,0.002319824416190386,0.0031579092610627413
207,,,,4783,0.3635767698287964,0.3635767698287964,,,0.002626791363582015,,,,,,,
,,1.2e-05,,4799,,,,,,,,,,,,
208,4799.0,,1.2000000424450263e-05,4799,,,0.3457714319229126,0.3457714319229126,,0.0014891279861330986,,,,,,
208,,,,4806,,,,,,,0.4289262890815735,0.3356194496154785,0.4289262890815735,0.3356194496154785,0.004440911114215851,0.001818547723814845
208,,,,4806,0.3676685690879822,0.3676685690879822,,,0.013710235245525837,,,,,,,
209,,,,4829,,,,,,,0.25221771001815796,0.1731979101896286,0.25221771001815796,0.1731979101896286,0.0010129744186997414,0.0007958215428516269
209,,,,4829,0.34925296902656555,0.34925296902656555,,,0.0027131587266921997,,,,,,,
,,1.2e-05,,4849,,,,,,,,,,,,
210,4849.0,,1.2000000424450263e-05,4849,,,0.0747036337852478,0.0747036337852478,,0.0004357441212050617,,,,,,
210,,,,4852,,,,,,,0.2343910038471222,0.24175047874450684,0.2343910038471222,0.24175047874450684,0.0009583124774508178,0.001042199321091175
210,,,,4852,0.33354276418685913,0.33354276418685913,,,0.0017526595620438457,,,,,,,
211,,,,4875,,,,,,,0.31753548979759216,0.18303537368774414,0.31753548979759216,0.18303537368774414,0.0029255973640829325,0.001269091502763331
211,,,,4875,0.329293429851532,0.329293429851532,,,0.0020052918698638678,,,,,,,
212,,,,4898,,,,,,,0.40459680557250977,0.4169650971889496,0.40459680557250977,0.4169650971889496,0.002066509798169136,0.0019263798603788018
212,,,,4898,0.3380225598812103,0.3380225598812103,,,0.002042352920398116,,,,,,,
,,1.2e-05,,4899,,,,,,,,,,,,
213,4899.0,,1.2000000424450263e-05,4899,,,0.43414559960365295,0.43414559960365295,,0.0016431889962404966,,,,,,
213,,,,4921,,,,,,,0.34047260880470276,0.2545068860054016,0.34047260880470276,0.2545068860054016,0.0015690780710428953,0.0012473460519686341
213,,,,4921,0.33473271131515503,0.33473271131515503,,,0.0032370914705097675,,,,,,,
214,,,,4944,,,,,,,0.13901786506175995,0.45211178064346313,0.13901786506175995,0.45211178064346313,0.0006313127814792097,0.004343052394688129
214,,,,4944,0.39302778244018555,0.39302778244018555,,,0.004133734852075577,,,,,,,
,,1.2e-05,,4949,,,,,,,,,,,,
215,4949.0,,1.2000000424450263e-05,4949,,,0.3980315923690796,0.3980315923690796,,0.001592240878380835,,,,,,
215,,,,4967,,,,,,,0.3075161874294281,0.2687460482120514,0.3075161874294281,0.2687460482120514,0.001330485800281167,0.001092149643227458
215,,,,4967,0.33514976501464844,0.33514976501464844,,,0.0021463572047650814,,,,,,,
216,,,,4990,,,,,,,0.39738067984580994,0.470342218875885,0.39738067984580994,0.470342218875885,0.005018330179154873,0.002015827689319849
216,,,,4990,0.4038337171077728,0.4038337171077728,,,0.0034273923374712467,,,,,,,
,,1.2e-05,,4999,,,,,,,,,,,,
217,4999.0,,1.2000000424450263e-05,4999,,,0.4514961242675781,0.4514961242675781,,0.004011961165815592,,,,,,
217,,,,5013,,,,,,,0.42105039954185486,0.47382277250289917,0.42105039954185486,0.47382277250289917,0.00648657139390707,0.0070725129917263985
217,,,,5013,0.3581291735172272,0.3581291735172272,,,0.0023819943889975548,,,,,,,
218,,,,5036,,,,,,,0.4415120482444763,0.4941462576389313,0.4415120482444763,0.4941462576389313,0.005474337842315435,0.003374651074409485
218,,,,5036,0.3750043511390686,0.3750043511390686,,,0.0026652019005268812,,,,,,,
,,1.2e-05,,5049,,,,,,,,,,,,
219,5049.0,,1.2000000424450263e-05,5049,,,0.04386196658015251,0.04386196658015251,,0.00030415583751164377,,,,,,
219,,,,5059,,,,,,,0.31466415524482727,0.3249005973339081,0.31466415524482727,0.3249005973339081,0.0015684025129303336,0.0015021456638351083
219,,,,5059,0.3309294283390045,0.3309294283390045,,,0.006676063407212496,,,,,,,
220,,,,5082,,,,,,,0.40264472365379333,0.20949316024780273,0.40264472365379333,0.20949316024780273,0.0018261417280882597,0.005536810960620642
220,,,,5082,0.38481882214546204,0.38481882214546204,,,0.0022457714658230543,,,,,,,
,,1.2e-05,,5099,,,,,,,,,,,,
221,5099.0,,1.2000000424450263e-05,5099,,,0.2926352024078369,0.2926352024078369,,0.0011647031642496586,,,,,,
221,,,,5105,,,,,,,0.4921542704105377,0.3354019522666931,0.4921542704105377,0.3354019522666931,0.004284939728677273,0.005369945894926786
221,,,,5105,0.3199085593223572,0.3199085593223572,,,0.0015347172738984227,,,,,,,
222,,,,5128,,,,,,,0.32151907682418823,0.4033939242362976,0.32151907682418823,0.4033939242362976,0.0012769600143656135,0.004139596130698919
222,,,,5128,0.33700031042099,0.33700031042099,,,0.0037195172626525164,,,,,,,
,,1.2e-05,,5149,,,,,,,,,,,,
223,5149.0,,1.2000000424450263e-05,5149,,,0.4343509078025818,0.4343509078025818,,0.0018262153025716543,,,,,,
223,,,,5151,,,,,,,0.3478086590766907,0.42369145154953003,0.3478086590766907,0.42369145154953003,0.0019979935605078936,0.0017904059495776892
223,,,,5151,0.32009145617485046,0.32009145617485046,,,0.0021995618008077145,,,,,,,
224,,,,5174,,,,,,,0.5030491948127747,0.20169734954833984,0.5030491948127747,0.20169734954833984,0.002898885402828455,0.0008355269092135131
224,,,,5174,0.33915525674819946,0.33915525674819946,,,0.004401883110404015,,,,,,,
225,,,,5197,,,,,,,0.3359982371330261,0.38292139768600464,0.3359982371330261,0.38292139768600464,0.0013664354337379336,0.0015472595114260912
225,,,,5197,0.3549213707447052,0.3549213707447052,,,0.0025043943896889687,,,,,,,
,,1.2e-05,,5199,,,,,,,,,,,,
226,5199.0,,1.2000000424450263e-05,5199,,,0.7992179989814758,0.7992179989814758,,0.08819708228111267,,,,,,
226,,,,5220,,,,,,,0.25479772686958313,0.4278876781463623,0.25479772686958313,0.4278876781463623,0.0010394405107945204,0.0017523026326671243
226,,,,5220,0.3500191271305084,0.3500191271305084,,,0.0057747745886445045,,,,,,,
227,,,,5243,,,,,,,0.23500116169452667,0.5699322819709778,0.23500116169452667,0.5699322819709778,0.0010764733888208866,0.028671547770500183
227,,,,5243,0.44389545917510986,0.44389545917510986,,,0.0031227117870002985,,,,,,,
,,1.2e-05,,5249,,,,,,,,,,,,
228,5249.0,,1.2000000424450263e-05,5249,,,0.23261500895023346,0.23261500895023346,,0.0009511313983239233,,,,,,
228,,,,5266,,,,,,,0.5173920392990112,0.25792786478996277,0.5173920392990112,0.25792786478996277,0.002358580706641078,0.0010483935475349426
228,,,,5266,0.30278363823890686,0.30278363823890686,,,0.0018088275101035833,,,,,,,
229,,,,5289,,,,,,,0.2356644570827484,0.1404057741165161,0.2356644570827484,0.1404057741165161,0.0012170299887657166,0.0006316804210655391
229,,,,5289,0.2625522017478943,0.2625522017478943,,,0.001799540827050805,,,,,,,
,,1.2e-05,,5299,,,,,,,,,,,,
230,5299.0,,1.2000000424450263e-05,5299,,,0.11030853539705276,0.11030853539705276,,0.0005931127234362066,,,,,,
230,,,,5312,,,,,,,0.35311269760131836,0.4538780748844147,0.35311269760131836,0.4538780748844147,0.0016705853631719947,0.004954713396728039
230,,,,5312,0.32407450675964355,0.32407450675964355,,,0.0018588503589853644,,,,,,,
231,,,,5335,,,,,,,0.3226741552352905,0.1297634392976761,0.3226741552352905,0.1297634392976761,0.0015390533953905106,0.0006020073196850717
231,,,,5335,0.3589845895767212,0.3589845895767212,,,0.004016973078250885,,,,,,,
,,1.2e-05,,5349,,,,,,,,,,,,
232,5349.0,,1.2000000424450263e-05,5349,,,0.3575562834739685,0.3575562834739685,,0.0019310498610138893,,,,,,
232,,,,5358,,,,,,,0.5209940075874329,0.5154703259468079,0.5209940075874329,0.5154703259468079,0.002718122210353613,0.003379042726010084
232,,,,5358,0.3113597631454468,0.3113597631454468,,,0.0022085881792008877,,,,,,,
233,,,,5381,,,,,,,0.11730657517910004,0.38362476229667664,0.11730657517910004,0.38362476229667664,0.0005579917342402041,0.0018223437946289778
233,,,,5381,0.32458004355430603,0.32458004355430603,,,0.0019784411415457726,,,,,,,
,,1.2e-05,,5399,,,,,,,,,,,,
234,5399.0,,1.2000000424450263e-05,5399,,,0.09462940692901611,0.09462940692901611,,0.0005154221435077488,,,,,,
234,,,,5404,,,,,,,0.29538390040397644,0.22127196192741394,0.29538390040397644,0.22127196192741394,0.0012490504886955023,0.0011862635146826506
234,,,,5404,0.37114593386650085,0.37114593386650085,,,0.004638499114662409,,,,,,,
235,,,,5427,,,,,,,0.17277780175209045,0.17200730741024017,0.17277780175209045,0.17200730741024017,0.0007939523202367127,0.0007612043409608305
235,,,,5427,0.27939242124557495,0.27939242124557495,,,0.0019522628281265497,,,,,,,
,,1.2e-05,,5449,,,,,,,,,,,,
236,5449.0,,1.2000000424450263e-05,5449,,,0.563218355178833,0.563218355178833,,0.0031722025014460087,,,,,,
236,,,,5450,,,,,,,0.12535907328128815,0.23632343113422394,0.12535907328128815,0.23632343113422394,0.0006040608277544379,0.0010302053997293115
236,,,,5450,0.3224026560783386,0.3224026560783386,,,0.006503854412585497,,,,,,,
237,,,,5473,,,,,,,0.23052969574928284,0.5929149985313416,0.23052969574928284,0.5929149985313416,0.0010817183647304773,0.004128771834075451
237,,,,5473,0.323332279920578,0.323332279920578,,,0.003094456624239683,,,,,,,
238,,,,5496,,,,,,,0.45468729734420776,0.49111586809158325,0.45468729734420776,0.49111586809158325,0.0035525825805962086,0.0055272518657147884
238,,,,5496,0.23355548083782196,0.23355548083782196,,,0.0014944010181352496,,,,,,,
,,1.2e-05,,5499,,,,,,,,,,,,
239,5499.0,,1.2000000424450263e-05,5499,,,0.4624858796596527,0.4624858796596527,,0.002645959611982107,,,,,,
239,,,,5519,,,,,,,0.23379111289978027,0.5594636797904968,0.23379111289978027,0.5594636797904968,0.0009620364871807396,0.0025971035938709974
239,,,,5519,0.38116347789764404,0.38116347789764404,,,0.013990391977131367,,,,,,,
240,,,,5542,,,,,,,0.35152944922447205,0.43601521849632263,0.35152944922447205,0.43601521849632263,0.0026128122117370367,0.0021481974981725216
240,,,,5542,0.34537866711616516,0.34537866711616516,,,0.0023927027359604836,,,,,,,
,,1.2e-05,,5549,,,,,,,,,,,,
241,5549.0,,1.2000000424450263e-05,5549,,,0.47185856103897095,0.47185856103897095,,0.00489804008975625,,,,,,
241,,,,5565,,,,,,,0.5557111501693726,0.4623200297355652,0.5557111501693726,0.4623200297355652,0.006877797655761242,0.0024710833095014095
241,,,,5565,0.35751885175704956,0.35751885175704956,,,0.0023362806532531977,,,,,,,
242,,,,5588,,,,,,,0.16704276204109192,0.45844095945358276,0.16704276204109192,0.45844095945358276,0.0007450088742189109,0.0022461102344095707
242,,,,5588,0.4163535237312317,0.4163535237312317,,,0.002984762890264392,,,,,,,
,,1.2e-05,,5599,,,,,,,,,,,,
243,5599.0,,1.2000000424450263e-05,5599,,,0.15789584815502167,0.15789584815502167,,0.0007431662525050342,,,,,,
243,,,,5611,,,,,,,0.5316120386123657,0.34822553396224976,0.5316120386123657,0.34822553396224976,0.006077556870877743,0.002214395673945546
243,,,,5611,0.3654543459415436,0.3654543459415436,,,0.012053201906383038,,,,,,,
244,,,,5634,,,,,,,0.3036496043205261,0.2915293574333191,0.3036496043205261,0.2915293574333191,0.0012635812163352966,0.001152033219113946
244,,,,5634,0.386001318693161,0.386001318693161,,,0.0022746664471924305,,,,,,,
,,1.2e-05,,5649,,,,,,,,,,,,
245,5649.0,,1.2000000424450263e-05,5649,,,0.2669391334056854,0.2669391334056854,,0.0010704291053116322,,,,,,
245,,,,5657,,,,,,,0.36700567603111267,0.3474633991718292,0.36700567603111267,0.3474633991718292,0.00214070500805974,0.0031265667639672756
245,,,,5657,0.30823588371276855,0.30823588371276855,,,0.002038149628788233,,,,,,,
246,,,,5680,,,,,,,0.4265792965888977,0.5090359449386597,0.4265792965888977,0.5090359449386597,0.001656430191360414,0.00379299302585423
246,,,,5680,0.38021010160446167,0.38021010160446167,,,0.004733912646770477,,,,,,,
,,1.2e-05,,5699,,,,,,,,,,,,
247,5699.0,,1.2000000424450263e-05,5699,,,0.5940999984741211,0.5940999984741211,,0.002523854374885559,,,,,,
247,,,,5703,,,,,,,0.1898496448993683,0.24428460001945496,0.1898496448993683,0.24428460001945496,0.0008258234011009336,0.0010334559483453631
247,,,,5703,0.327000230550766,0.327000230550766,,,0.0022691646590828896,,,,,,,
248,,,,5726,,,,,,,0.32089298963546753,0.313397079706192,0.32089298963546753,0.313397079706192,0.0015968078514561057,0.001394580933265388
248,,,,5726,0.31695544719696045,0.31695544719696045,,,0.0025473409332334995,,,,,,,
,,1.2e-05,,5749,,,,,,,,,,,,
249,5749.0,,1.2000000424450263e-05,5749,,,0.05235079675912857,0.05235079675912857,,0.00034361056168563664,,,,,,
249,,,,5749,,,,,,,0.2509830594062805,0.44175976514816284,0.2509830594062805,0.44175976514816284,0.0010799471056088805,0.004279471002519131
249,,,,5749,0.34342044591903687,0.34342044591903687,,,0.0031388637144118547,,,,,,,
250,,,,5772,,,,,,,0.2585678994655609,0.3389572203159332,0.2585678994655609,0.3389572203159332,0.016440730541944504,0.0013283630833029747
250,,,,5772,0.36735695600509644,0.36735695600509644,,,0.002063602674752474,,,,,,,
251,,,,5795,,,,,,,0.4234500825405121,0.43243202567100525,0.4234500825405121,0.43243202567100525,0.005827060900628567,0.002791508100926876
251,,,,5795,0.36770227551460266,0.36770227551460266,,,0.0026192336808890104,,,,,,,
,,1.2e-05,,5799,,,,,,,,,,,,
252,5799.0,,1.2000000424450263e-05,5799,,,0.20746324956417084,0.20746324956417084,,0.0008855245541781187,,,,,,
252,,,,5818,,,,,,,0.4952147603034973,0.2285442352294922,0.4952147603034973,0.2285442352294922,0.0028853057883679867,0.0009847392793744802
252,,,,5818,0.35220515727996826,0.35220515727996826,,,0.001965470379218459,,,,,,,
253,,,,5841,,,,,,,0.3672603964805603,0.2748468220233917,0.3672603964805603,0.2748468220233917,0.08211787790060043,0.0011710708495229483
253,,,,5841,0.32181355357170105,0.32181355357170105,,,0.002194945467635989,,,,,,,
,,1.2e-05,,5849,,,,,,,,,,,,
254,5849.0,,1.2000000424450263e-05,5849,,,0.36721304059028625,0.36721304059028625,,0.0015570820542052388,,,,,,
254,,,,5864,,,,,,,0.34702759981155396,0.48093780875205994,0.34702759981155396,0.48093780875205994,0.002543363254517317,0.004711790941655636
254,,,,5864,0.351730614900589,0.351730614900589,,,0.003790472634136677,,,,,,,
255,,,,5887,,,,,,,0.35545092821121216,0.43455591797828674,0.35545092821121216,0.43455591797828674,0.0016258188989013433,0.002584210131317377
255,,,,5887,0.24789299070835114,0.24789299070835114,,,0.001273317844606936,,,,,,,
,,1.2e-05,,5899,,,,,,,,,,,,
256,5899.0,,1.2000000424450263e-05,5899,,,0.42310959100723267,0.42310959100723267,,0.0023592375218868256,,,,,,
256,,,,5910,,,,,,,0.41789501905441284,0.24671809375286102,0.41789501905441284,0.24671809375286102,0.002173568354919553,0.0010253065265715122
256,,,,5910,0.3229653835296631,0.3229653835296631,,,0.002305174246430397,,,,,,,
257,,,,5933,,,,,,,0.33536139130592346,0.3318096697330475,0.33536139130592346,0.3318096697330475,0.002990886103361845,0.0017757099121809006
257,,,,5933,0.38506367802619934,0.38506367802619934,,,0.003375105792656541,,,,,,,
,,1.2e-05,,5949,,,,,,,,,,,,
258,5949.0,,1.2000000424450263e-05,5949,,,0.45970186591148376,0.45970186591148376,,0.0032646215986460447,,,,,,
258,,,,5956,,,,,,,0.24953153729438782,0.2488487958908081,0.24953153729438782,0.2488487958908081,0.0021637342870235443,0.001182120991870761
258,,,,5956,0.32854464650154114,0.32854464650154114,,,0.0021470673382282257,,,,,,,
259,,,,5979,,,,,,,0.2678837180137634,0.3156471252441406,0.2678837180137634,0.3156471252441406,0.0016654471401125193,0.0013834089040756226
259,,,,5979,0.3194130063056946,0.3194130063056946,,,0.010557125322520733,,,,,,,
,,1.2e-05,,5999,,,,,,,,,,,,
260,5999.0,,1.2000000424450263e-05,5999,,,0.2778007388114929,0.2778007388114929,,0.0011140473652631044,,,,,,
260,,,,6002,,,,,,,0.46715840697288513,0.253812313079834,0.46715840697288513,0.253812313079834,0.0027780127711594105,0.0010427574161440134
260,,,,6002,0.3318500518798828,0.3318500518798828,,,0.0021860110573470592,,,,,,,
261,,,,6025,,,,,,,0.21709001064300537,0.3733806908130646,0.21709001064300537,0.3733806908130646,0.0008969333139248192,0.0019223287235945463
261,,,,6025,0.3384432792663574,0.3384432792663574,,,0.0064675286412239075,,,,,,,
262,,,,6048,,,,,,,0.3206624984741211,0.3357149660587311,0.3206624984741211,0.3357149660587311,0.0012397749815136194,0.001539787044748664
262,,,,6048,0.35137489438056946,0.35137489438056946,,,0.006902170833200216,,,,,,,
,,1.2e-05,,6049,,,,,,,,,,,,
263,6049.0,,1.2000000424450263e-05,6049,,,0.21868635714054108,0.21868635714054108,,0.0009389655315317214,,,,,,
263,,,,6071,,,,,,,0.31509289145469666,0.4355775713920593,0.31509289145469666,0.4355775713920593,0.0020721307955682278,0.001794307492673397
263,,,,6071,0.31490203738212585,0.31490203738212585,,,0.0021883409935981035,,,,,,,
264,,,,6094,,,,,,,0.3122000992298126,0.2295452058315277,0.3122000992298126,0.2295452058315277,0.0014000413939356804,0.0009662266820669174
264,,,,6094,0.37260717153549194,0.37260717153549194,,,0.0020285933278501034,,,,,,,
,,1.2e-05,,6099,,,,,,,,,,,,
265,6099.0,,1.2000000424450263e-05,6099,,,0.07575377821922302,0.07575377821922302,,0.0004417378222569823,,,,,,
265,,,,6117,,,,,,,0.5303916335105896,0.24706926941871643,0.5303916335105896,0.24706926941871643,0.004577134735882282,0.0011878906516358256
265,,,,6117,0.35570958256721497,0.35570958256721497,,,0.0018699942156672478,,,,,,,
266,,,,6140,,,,,,,0.3934427499771118,0.3837842345237732,0.3934427499771118,0.3837842345237732,0.0021889014169573784,0.08626724034547806
266,,,,6140,0.3568207919597626,0.3568207919597626,,,0.002089590998366475,,,,,,,
,,1.2e-05,,6149,,,,,,,,,,,,
267,6149.0,,1.2000000424450263e-05,6149,,,0.25818461179733276,0.25818461179733276,,0.001022304524667561,,,,,,
267,,,,6163,,,,,,,0.289067804813385,0.40440529584884644,0.289067804813385,0.40440529584884644,0.0011438921792432666,0.0018924083560705185
267,,,,6163,0.3185858726501465,0.3185858726501465,,,0.002233274979516864,,,,,,,
268,,,,6186,,,,,,,0.3705039620399475,0.29610776901245117,0.3705039620399475,0.29610776901245117,0.0017741101328283548,0.0013912564609199762
268,,,,6186,0.3352701961994171,0.3352701961994171,,,0.0041785407811403275,,,,,,,
,,1.2e-05,,6199,,,,,,,,,,,,
269,6199.0,,1.2000000424450263e-05,6199,,,0.37540531158447266,0.37540531158447266,,0.0014639319851994514,,,,,,
269,,,,6209,,,,,,,0.32709836959838867,0.1551804542541504,0.32709836959838867,0.1551804542541504,0.0016597651410847902,0.0007003863574936986
269,,,,6209,0.37174689769744873,0.37174689769744873,,,0.0031784391030669212,,,,,,,
270,,,,6232,,,,,,,0.4539804458618164,0.4678014814853668,0.4539804458618164,0.4678014814853668,0.0025324146263301373,0.002070424845442176
270,,,,6232,0.35604339838027954,0.35604339838027954,,,0.0023399863857775927,,,,,,,
,,1.2e-05,,6249,,,,,,,,,,,,
271,6249.0,,1.2000000424450263e-05,6249,,,0.6212013363838196,0.6212013363838196,,0.0038958752993494272,,,,,,
271,,,,6255,,,,,,,0.47934189438819885,0.35683029890060425,0.47934189438819885,0.35683029890060425,0.002480657771229744,0.0014286285731941462
271,,,,6255,0.3543365001678467,0.3543365001678467,,,0.0038265069015324116,,,,,,,
272,,,,6278,,,,,,,0.3280293345451355,0.3459130823612213,0.3280293345451355,0.3459130823612213,0.002486106473952532,0.0015485327458009124
272,,,,6278,0.3758612871170044,0.3758612871170044,,,0.0028609822038561106,,,,,,,
,,1.2e-05,,6299,,,,,,,,,,,,
273,6299.0,,1.2000000424450263e-05,6299,,,0.4075465798377991,0.4075465798377991,,0.002810365054756403,,,,,,
273,,,,6301,,,,,,,0.28091391921043396,0.22849710285663605,0.28091391921043396,0.22849710285663605,0.0011012802133336663,0.001097185187973082
273,,,,6301,0.375048965215683,0.375048965215683,,,0.010805905796587467,,,,,,,
274,,,,6324,,,,,,,0.28789782524108887,0.22168073058128357,0.28789782524108887,0.22168073058128357,0.0028655349742621183,0.0009232903830707073
274,,,,6324,0.378013014793396,0.378013014793396,,,0.0035603330470621586,,,,,,,
275,,,,6347,,,,,,,0.2353077381849289,0.21228083968162537,0.2353077381849289,0.21228083968162537,0.0009804998990148306,0.0009373420616611838
275,,,,6347,0.3649040758609772,0.3649040758609772,,,0.003471388015896082,,,,,,,
,,1.2e-05,,6349,,,,,,,,,,,,
276,6349.0,,1.2000000424450263e-05,6349,,,0.2817822992801666,0.2817822992801666,,0.001126688439399004,,,,,,
276,,,,6370,,,,,,,0.5627762079238892,0.4108636975288391,0.5627762079238892,0.4108636975288391,0.011852657422423363,0.003498611506074667
276,,,,6370,0.354661762714386,0.354661762714386,,,0.005084362346678972,,,,,,,
277,,,,6393,,,,,,,0.4331578314304352,0.34778785705566406,0.4331578314304352,0.34778785705566406,0.008139546029269695,0.0017797683831304312
277,,,,6393,0.317534863948822,0.317534863948822,,,0.004483697935938835,,,,,,,
,,1.2e-05,,6399,,,,,,,,,,,,
278,6399.0,,1.2000000424450263e-05,6399,,,0.19401714205741882,0.19401714205741882,,0.0008042656700126827,,,,,,
278,,,,6416,,,,,,,0.47363710403442383,0.24651280045509338,0.47363710403442383,0.24651280045509338,0.005178249906748533,0.001019202172756195
278,,,,6416,0.35696330666542053,0.35696330666542053,,,0.0032459821086376905,,,,,,,
279,,,,6439,,,,,,,0.28053003549575806,0.3528735339641571,0.28053003549575806,0.3528735339641571,0.0012182084610685706,0.007283899933099747
279,,,,6439,0.3569023907184601,0.3569023907184601,,,0.0024093068204820156,,,,,,,
,,1.2e-05,,6449,,,,,,,,,,,,
280,6449.0,,1.2000000424450263e-05,6449,,,0.4639686048030853,0.4639686048030853,,0.016336074098944664,,,,,,
280,,,,6462,,,,,,,0.22209258377552032,0.21833696961402893,0.22209258377552032,0.21833696961402893,0.005405367352068424,0.001092886202968657
280,,,,6462,0.3375222980976105,0.3375222980976105,,,0.002794076921418309,,,,,,,
281,,,,6485,,,,,,,0.45455020666122437,0.2563319504261017,0.45455020666122437,0.2563319504261017,0.004968856927007437,0.0010500856442376971
281,,,,6485,0.29920029640197754,0.29920029640197754,,,0.002198371570557356,,,,,,,
,,1.2e-05,,6499,,,,,,,,,,,,
282,6499.0,,1.2000000424450263e-05,6499,,,0.6758790016174316,0.6758790016174316,,0.20466788113117218,,,,,,
282,,,,6508,,,,,,,0.34585872292518616,0.3951471447944641,0.34585872292518616,0.3951471447944641,0.001437645056284964,0.003100127447396517
282,,,,6508,0.33234331011772156,0.33234331011772156,,,0.010608542710542679,,,,,,,
283,,,,6531,,,,,,,0.2272043228149414,0.3078913688659668,0.2272043228149414,0.3078913688659668,0.001087809563614428,0.0012299756053835154
283,,,,6531,0.3386839032173157,0.3386839032173157,,,0.0019041856285184622,,,,,,,
,,1.2e-05,,6549,,,,,,,,,,,,
284,6549.0,,1.2000000424450263e-05,6549,,,0.12491275370121002,0.12491275370121002,,0.0005909767933189869,,,,,,
284,,,,6554,,,,,,,0.3924790918827057,0.2468777894973755,0.3924790918827057,0.2468777894973755,0.0062909782864153385,0.0010181762045249343
284,,,,6554,0.368208110332489,0.368208110332489,,,0.00672348216176033,,,,,,,
285,,,,6577,,,,,,,0.2825850546360016,0.4196397662162781,0.2825850546360016,0.4196397662162781,0.001953494967892766,0.0032407313119620085
285,,,,6577,0.26469388604164124,0.26469388604164124,,,0.002058254089206457,,,,,,,
,,1.2e-05,,6599,,,,,,,,,,,,
286,6599.0,,1.2000000424450263e-05,6599,,,0.39737170934677124,0.39737170934677124,,0.0014832684537395835,,,,,,
286,,,,6600,,,,,,,0.37265047430992126,0.5645036101341248,0.37265047430992126,0.5645036101341248,0.009887450374662876,0.0030629232060164213
286,,,,6600,0.33394262194633484,0.33394262194633484,,,0.002336428966373205,,,,,,,
287,,,,6623,,,,,,,0.2524568438529968,0.23728366196155548,0.2524568438529968,0.23728366196155548,0.0010296499822288752,0.0009622779907658696
287,,,,6623,0.4167969524860382,0.4167969524860382,,,0.003181008156388998,,,,,,,
288,,,,6646,,,,,,,0.24055485427379608,0.36235514283180237,0.24055485427379608,0.36235514283180237,0.0010171657195314765,0.0015093539841473103
288,,,,6646,0.2957887351512909,0.2957887351512909,,,0.0072893062606453896,,,,,,,
,,1.2e-05,,6649,,,,,,,,,,,,
289,6649.0,,1.2000000424450263e-05,6649,,,0.3997206687927246,0.3997206687927246,,0.007340343203395605,,,,,,
289,,,,6669,,,,,,,0.2547205984592438,0.11426164209842682,0.2547205984592438,0.11426164209842682,0.0013216363731771708,0.0005929961916990578
289,,,,6669,0.3006499111652374,0.3006499111652374,,,0.002415998373180628,,,,,,,
290,,,,6692,,,,,,,0.45506420731544495,0.5967613458633423,0.45506420731544495,0.5967613458633423,0.005957548972219229,0.0036777358036488295
290,,,,6692,0.2725984752178192,0.2725984752178192,,,0.0025690996553748846,,,,,,,
,,1.2e-05,,6699,,,,,,,,,,,,
291,6699.0,,1.2000000424450263e-05,6699,,,0.7344593405723572,0.7344593405723572,,0.007009735330939293,,,,,,
291,,,,6715,,,,,,,0.518856942653656,0.3548174798488617,0.518856942653656,0.3548174798488617,0.018924297764897346,0.002763842698186636
291,,,,6715,0.3174326717853546,0.3174326717853546,,,0.0016775318654254079,,,,,,,
292,,,,6738,,,,,,,0.30588313937187195,0.3647874891757965,0.30588313937187195,0.3647874891757965,0.001207980909384787,0.0017688587540760636
292,,,,6738,0.374738484621048,0.374738484621048,,,0.004704867489635944,,,,,,,
,,1.2e-05,,6749,,,,,,,,,,,,
293,6749.0,,1.2000000424450263e-05,6749,,,0.431172639131546,0.431172639131546,,0.0022174250334501266,,,,,,
293,,,,6761,,,,,,,0.18320924043655396,0.3471078872680664,0.18320924043655396,0.3471078872680664,0.0008291172562167048,0.0033848118036985397
293,,,,6761,0.33443066477775574,0.33443066477775574,,,0.0021181029733270407,,,,,,,
294,,,,6784,,,,,,,0.2697916030883789,0.19647468626499176,0.2697916030883789,0.19647468626499176,0.0011196754639968276,0.0008631548844277859
294,,,,6784,0.27735432982444763,0.27735432982444763,,,0.0015601664781570435,,,,,,,
,,1.2e-05,,6799,,,,,,,,,,,,
295,6799.0,,1.2000000424450263e-05,6799,,,0.5883051753044128,0.5883051753044128,,0.008039062842726707,,,,,,
295,,,,6807,,,,,,,0.20536532998085022,0.37887340784072876,0.20536532998085022,0.37887340784072876,0.000877625891007483,0.00220472551882267
295,,,,6807,0.3543056547641754,0.3543056547641754,,,0.002365711610764265,,,,,,,
296,,,,6830,,,,,,,0.33607977628707886,0.22847959399223328,0.33607977628707886,0.22847959399223328,0.001428157789632678,0.0018948663491755724
296,,,,6830,0.3962574005126953,0.3962574005126953,,,0.0032970544416457415,,,,,,,
,,1.2e-05,,6849,,,,,,,,,,,,
297,6849.0,,1.2000000424450263e-05,6849,,,0.46259307861328125,0.46259307861328125,,0.008059876039624214,,,,,,
297,,,,6853,,,,,,,0.28331059217453003,0.2824515700340271,0.28331059217453003,0.2824515700340271,0.001195391290821135,0.0012205445673316717
297,,,,6853,0.32865557074546814,0.32865557074546814,,,0.002461782656610012,,,,,,,
298,,,,6876,,,,,,,0.2827668786048889,0.31169548630714417,0.2827668786048889,0.31169548630714417,0.0011216946877539158,0.0018638644833117723
298,,,,6876,0.32113346457481384,0.32113346457481384,,,0.0016990090953186154,,,,,,,
,,1.2e-05,,6899,,,,,,,,,,,,
299,6899.0,,1.2000000424450263e-05,6899,,,0.26809754967689514,0.26809754967689514,,0.0010818839073181152,,,,,,
299,,,,6899,,,,,,,0.4083009660243988,0.19699732959270477,0.4083009660243988,0.19699732959270477,0.0018172279233112931,0.000959712197072804
299,,,,6899,0.2995774745941162,0.2995774745941162,,,0.0020131587516516447,,,,,,,
300,,,,6922,,,,,,,0.2864867150783539,0.33458366990089417,0.2864867150783539,0.33458366990089417,0.001568920211866498,0.0013230947079136968
300,,,,6922,0.3496951162815094,0.3496951162815094,,,0.003643730888143182,,,,,,,
301,,,,6945,,,,,,,0.4849308133125305,0.27376261353492737,0.4849308133125305,0.27376261353492737,0.002425284357741475,0.0010922045912593603
301,,,,6945,0.2955600619316101,0.2955600619316101,,,0.0014266080688685179,,,,,,,
,,1.2e-05,,6949,,,,,,,,,,,,
302,6949.0,,1.2000000424450263e-05,6949,,,0.42994338274002075,0.42994338274002075,,0.00251444592140615,,,,,,
302,,,,6968,,,,,,,0.26222872734069824,0.356052428483963,0.26222872734069824,0.356052428483963,0.002731290413066745,0.0016998987412080169
302,,,,6968,0.36612069606781006,0.36612069606781006,,,0.0026730510871857405,,,,,,,
303,,,,6991,,,,,,,0.2822738289833069,0.3117436170578003,0.2822738289833069,0.3117436170578003,0.001164147979579866,0.0013861862244084477
303,,,,6991,0.30593135952949524,0.30593135952949524,,,0.0059007685631513596,,,,,,,
,,1.2e-05,,6999,,,,,,,,,,,,
304,6999.0,,1.2000000424450263e-05,6999,,,0.22744423151016235,0.22744423151016235,,0.0009372967178933322,,,,,,
304,,,,7014,,,,,,,0.32759159803390503,0.13786378502845764,0.32759159803390503,0.13786378502845764,0.08186826854944229,0.0006343591958284378
304,,,,7014,0.3046776056289673,0.3046776056289673,,,0.012621085159480572,,,,,,,
305,,,,7037,,,,,,,0.3507317900657654,0.36982113122940063,0.3507317900657654,0.36982113122940063,0.005770934745669365,0.0028441876638680696
305,,,,7037,0.32461628317832947,0.32461628317832947,,,0.0030816509388387203,,,,,,,
,,1.2e-05,,7049,,,,,,,,,,,,
306,7049.0,,1.2000000424450263e-05,7049,,,0.50063157081604,0.50063157081604,,0.007686387747526169,,,,,,
306,,,,7060,,,,,,,0.33730262517929077,0.2963891625404358,0.33730262517929077,0.2963891625404358,0.001340589253231883,0.0011879404773935676
306,,,,7060,0.4130510687828064,0.4130510687828064,,,0.012217453680932522,,,,,,,
307,,,,7083,,,,,,,0.27909547090530396,0.2923641800880432,0.27909547090530396,0.2923641800880432,0.0011243943590670824,0.001197512843646109
307,,,,7083,0.325308620929718,0.325308620929718,,,0.005147120915353298,,,,,,,
,,1.2e-05,,7099,,,,,,,,,,,,
308,7099.0,,1.2000000424450263e-05,7099,,,0.08571281284093857,0.08571281284093857,,0.00046867289347574115,,,,,,
308,,,,7106,,,,,,,0.436396062374115,0.30030885338783264,0.436396062374115,0.30030885338783264,0.0020520773250609636,0.0817435085773468
308,,,,7106,0.3905066251754761,0.3905066251754761,,,0.006210594903677702,,,,,,,
309,,,,7129,,,,,,,0.3065029978752136,0.33290594816207886,0.3065029978752136,0.33290594816207886,0.0023565287701785564,0.0013137970818206668
309,,,,7129,0.33991575241088867,0.33991575241088867,,,0.0064423298463225365,,,,,,,
,,1.2e-05,,7149,,,,,,,,,,,,
310,7149.0,,1.2000000424450263e-05,7149,,,0.5211664438247681,0.5211664438247681,,0.0020378893241286278,,,,,,
310,,,,7152,,,,,,,0.21712417900562286,0.42626506090164185,0.21712417900562286,0.42626506090164185,0.0008955128723755479,0.002187569160014391
310,,,,7152,0.3952552378177643,0.3952552378177643,,,0.011687160469591618,,,,,,,
311,,,,7175,,,,,,,0.3933097720146179,0.37311428785324097,0.3933097720146179,0.37311428785324097,0.001817580545321107,0.0037697688676416874
311,,,,7175,0.3096461296081543,0.3096461296081543,,,0.0015098147559911013,,,,,,,
312,,,,7198,,,,,,,0.36721059679985046,0.5307055115699768,0.36721059679985046,0.5307055115699768,0.0026002877857536077,0.007470349781215191
312,,,,7198,0.3481709063053131,0.3481709063053131,,,0.0053542242385447025,,,,,,,
,,1.2e-05,,7199,,,,,,,,,,,,
313,7199.0,,1.2000000424450263e-05,7199,,,0.10000494867563248,0.10000494867563248,,0.0005399716319516301,,,,,,
313,,,,7221,,,,,,,0.5613301992416382,0.35141047835350037,0.5613301992416382,0.35141047835350037,0.00718603003770113,0.002554974053055048
313,,,,7221,0.29380324482917786,0.29380324482917786,,,0.004509821999818087,,,,,,,
314,,,,7244,,,,,,,0.4012509286403656,0.3178132176399231,0.4012509286403656,0.3178132176399231,0.006594364996999502,0.001267960062250495
314,,,,7244,0.41918742656707764,0.41918742656707764,,,0.0031512356363236904,,,,,,,
,,1.2e-05,,7249,,,,,,,,,,,,
315,7249.0,,1.2000000424450263e-05,7249,,,0.2417338639497757,0.2417338639497757,,0.0009812243515625596,,,,,,
315,,,,7267,,,,,,,0.358060359954834,0.2099815309047699,0.358060359954834,0.2099815309047699,0.0019025523215532303,0.0008746913517825305
315,,,,7267,0.32644927501678467,0.32644927501678467,,,0.007065040525048971,,,,,,,
316,,,,7290,,,,,,,0.309883177280426,0.18025758862495422,0.309883177280426,0.18025758862495422,0.001597801223397255,0.0008002317626960576
316,,,,7290,0.34628182649612427,0.34628182649612427,,,0.004502295982092619,,,,,,,
,,1.2e-05,,7299,,,,,,,,,,,,
317,7299.0,,1.2000000424450263e-05,7299,,,0.1102973148226738,0.1102973148226738,,0.000554063415620476,,,,,,
317,,,,7313,,,,,,,0.3467647433280945,0.31911781430244446,0.3467647433280945,0.31911781430244446,0.0014196906704455614,0.0017607047921046615
317,,,,7313,0.3664046823978424,0.3664046823978424,,,0.0032187211327254772,,,,,,,
318,,,,7336,,,,,,,0.3007757365703583,0.21332302689552307,0.3007757365703583,0.21332302689552307,0.0012313685147091746,0.0008952792850323021
318,,,,7336,0.3819153308868408,0.3819153308868408,,,0.002668993081897497,,,,,,,
,,1.2e-05,,7349,,,,,,,,,,,,
319,7349.0,,1.2000000424450263e-05,7349,,,0.0535954087972641,0.0535954087972641,,0.0003486888890620321,,,,,,
319,,,,7359,,,,,,,0.46492061018943787,0.3604665696620941,0.46492061018943787,0.3604665696620941,0.009695896878838539,0.004481676034629345
319,,,,7359,0.2864202558994293,0.2864202558994293,,,0.006026859860867262,,,,,,,
320,,,,7382,,,,,,,0.5225039720535278,0.33777669072151184,0.5225039720535278,0.33777669072151184,0.0038462928496301174,0.0014545939629897475
320,,,,7382,0.3097435534000397,0.3097435534000397,,,0.0017335641896352172,,,,,,,
,,1.2e-05,,7399,,,,,,,,,,,,
321,7399.0,,1.2000000424450263e-05,7399,,,0.36164790391921997,0.36164790391921997,,0.00146769592538476,,,,,,
321,,,,7405,,,,,,,0.16118106245994568,0.32814401388168335,0.16118106245994568,0.32814401388168335,0.0007287149783223867,0.012357944622635841
321,,,,7405,0.3312378525733948,0.3312378525733948,,,0.00494792778044939,,,,,,,
322,,,,7428,,,,,,,0.17725017666816711,0.44930633902549744,0.17725017666816711,0.44930633902549744,0.0007940131472423673,0.0042292093858122826
322,,,,7428,0.355537474155426,0.355537474155426,,,0.0024738393258303404,,,,,,,
,,1.2e-05,,7449,,,,,,,,,,,,
323,7449.0,,1.2000000424450263e-05,7449,,,0.5089902281761169,0.5089902281761169,,0.0027115531265735626,,,,,,
323,,,,7451,,,,,,,0.17952339351177216,0.4093876779079437,0.17952339351177216,0.4093876779079437,0.0008013998158276081,0.02159300073981285
323,,,,7451,0.362722784280777,0.362722784280777,,,0.011474613100290298,,,,,,,
324,,,,7474,,,,,,,0.4029196798801422,0.47052526473999023,0.4029196798801422,0.47052526473999023,0.002173301065340638,0.00192172359675169
324,,,,7474,0.34204691648483276,0.34204691648483276,,,0.0022110696882009506,,,,,,,
325,,,,7497,,,,,,,0.4194850027561188,0.21883781254291534,0.4194850027561188,0.21883781254291534,0.0808037668466568,0.0009670484578236938
325,,,,7497,0.3654016852378845,0.3654016852378845,,,0.013584211468696594,,,,,,,
,,1.2e-05,,7499,,,,,,,,,,,,
326,7499.0,,1.2000000424450263e-05,7499,,,0.6977397203445435,0.6977397203445435,,0.0044174822978675365,,,,,,
326,,,,7520,,,,,,,0.3725427985191345,0.23733501136302948,0.3725427985191345,0.23733501136302948,0.00415602745488286,0.009379709139466286
326,,,,7520,0.38478532433509827,0.38478532433509827,,,0.002094580326229334,,,,,,,
327,,,,7543,,,,,,,0.19360914826393127,0.4437255263328552,0.19360914826393127,0.4437255263328552,0.0008218724397011101,0.0036797611974179745
327,,,,7543,0.3460816740989685,0.3460816740989685,,,0.003465206129476428,,,,,,,
,,1.2e-05,,7549,,,,,,,,,,,,
328,7549.0,,1.2000000424450263e-05,7549,,,0.37808844447135925,0.37808844447135925,,0.0014723808271810412,,,,,,
328,,,,7566,,,,,,,0.36109670996665955,0.233861044049263,0.36109670996665955,0.233861044049263,0.002215419663116336,0.0011232602410018444
328,,,,7566,0.3256995975971222,0.3256995975971222,,,0.002031802199780941,,,,,,,
329,,,,7589,,,,,,,0.5030337572097778,0.38143616914749146,0.5030337572097778,0.38143616914749146,0.00855654664337635,0.0015213948208838701
329,,,,7589,0.35429245233535767,0.35429245233535767,,,0.0045564970932900906,,,,,,,
,,1.2e-05,,7599,,,,,,,,,,,,
330,7599.0,,1.2000000424450263e-05,7599,,,0.17976967990398407,0.17976967990398407,,0.0007552505121566355,,,,,,
330,,,,7612,,,,,,,0.40691909193992615,0.4624261260032654,0.40691909193992615,0.4624261260032654,0.0034767952747642994,0.002492263913154602
330,,,,7612,0.32275915145874023,0.32275915145874023,,,0.0014827976701781154,,,,,,,
331,,,,7635,,,,,,,0.44530409574508667,0.34336236119270325,0.44530409574508667,0.34336236119270325,0.0034392322413623333,0.0013253241777420044
331,,,,7635,0.3084549307823181,0.3084549307823181,,,0.001690912526100874,,,,,,,
,,1.2e-05,,7649,,,,,,,,,,,,
332,7649.0,,1.2000000424450263e-05,7649,,,0.4434829354286194,0.4434829354286194,,0.0054828873835504055,,,,,,
332,,,,7658,,,,,,,0.24464929103851318,0.5219571590423584,0.24464929103851318,0.5219571590423584,0.0010871983831748366,0.0020122795831412077
332,,,,7658,0.366850882768631,0.366850882768631,,,0.012434201315045357,,,,,,,
333,,,,7681,,,,,,,0.2010352909564972,0.3763943016529083,0.2010352909564972,0.3763943016529083,0.0009005159372463822,0.0073981680907309055
333,,,,7681,0.31512510776519775,0.31512510776519775,,,0.0016011262778192759,,,,,,,
,,1.2e-05,,7699,,,,,,,,,,,,
334,7699.0,,1.2000000424450263e-05,7699,,,0.4402112066745758,0.4402112066745758,,0.0023441100493073463,,,,,,
334,,,,7704,,,,,,,0.09635384380817413,0.417501837015152,0.09635384380817413,0.417501837015152,0.0005116729298606515,0.004294003359973431
334,,,,7704,0.3834019601345062,0.3834019601345062,,,0.005812995135784149,,,,,,,
335,,,,7727,,,,,,,0.4504539370536804,0.24039407074451447,0.4504539370536804,0.24039407074451447,0.008146079257130623,0.005581578239798546
335,,,,7727,0.3706294596195221,0.3706294596195221,,,0.0024274594616144896,,,,,,,
,,1.2e-05,,7749,,,,,,,,,,,,
336,7749.0,,1.2000000424450263e-05,7749,,,0.19758594036102295,0.19758594036102295,,0.0008057000814005733,,,,,,
336,,,,7750,,,,,,,0.3457494378089905,0.34599679708480835,0.3457494378089905,0.34599679708480835,0.0014121526619419456,0.0016128371935337782
336,,,,7750,0.30175718665122986,0.30175718665122986,,,0.0034541445784270763,,,,,,,
337,,,,7773,,,,,,,0.32352936267852783,0.2235594242811203,0.32352936267852783,0.2235594242811203,0.004553589038550854,0.0009754587081260979
337,,,,7773,0.3796631395816803,0.3796631395816803,,,0.0020592070650309324,,,,,,,
338,,,,7796,,,,,,,0.29804348945617676,0.303631067276001,0.29804348945617676,0.303631067276001,0.0012721174862235785,0.0015481674345210195
338,,,,7796,0.36062976717948914,0.36062976717948914,,,0.0025544576346874237,,,,,,,
,,1.2e-05,,7799,,,,,,,,,,,,
339,7799.0,,1.2000000424450263e-05,7799,,,0.40944117307662964,0.40944117307662964,,0.002445249119773507,,,,,,
339,,,,7819,,,,,,,0.5308802127838135,0.3043453097343445,0.5308802127838135,0.3043453097343445,0.0034624687395989895,0.0016128113493323326
339,,,,7819,0.3642532229423523,0.3642532229423523,,,0.006075589451938868,,,,,,,
340,,,,7842,,,,,,,0.33947324752807617,0.3219985365867615,0.33947324752807617,0.3219985365867615,0.0013071636203676462,0.0012722578831017017
340,,,,7842,0.341492235660553,0.341492235660553,,,0.002775429282337427,,,,,,,
,,1.2e-05,,7849,,,,,,,,,,,,
341,7849.0,,1.2000000424450263e-05,7849,,,0.6495189070701599,0.6495189070701599,,0.016673345118761063,,,,,,
341,,,,7865,,,,,,,0.3802843987941742,0.2356351912021637,0.3802843987941742,0.2356351912021637,0.0014557531103491783,0.0009971722029149532
341,,,,7865,0.3051491677761078,0.3051491677761078,,,0.001997891813516617,,,,,,,
342,,,,7888,,,,,,,0.2613832950592041,0.4609645903110504,0.2613832950592041,0.4609645903110504,0.0015367392916232347,0.0023850612342357635
342,,,,7888,0.32815325260162354,0.32815325260162354,,,0.001883203978650272,,,,,,,
,,1.2e-05,,7899,,,,,,,,,,,,
343,7899.0,,1.2000000424450263e-05,7899,,,0.18345530331134796,0.18345530331134796,,0.0008017733925953507,,,,,,
343,,,,7911,,,,,,,0.39180848002433777,0.28049546480178833,0.39180848002433777,0.28049546480178833,0.01133047603070736,0.0013222438283264637
343,,,,7911,0.29267314076423645,0.29267314076423645,,,0.0014368933625519276,,,,,,,
344,,,,7934,,,,,,,0.4135722517967224,0.25576251745224,0.4135722517967224,0.25576251745224,0.00434960937127471,0.0010639283573254943
344,,,,7934,0.30644655227661133,0.30644655227661133,,,0.0019158384529873729,,,,,,,
,,1.2e-05,,7949,,,,,,,,,,,,
345,7949.0,,1.2000000424450263e-05,7949,,,0.413493812084198,0.413493812084198,,0.002142328303307295,,,,,,
345,,,,7957,,,,,,,0.28030139207839966,0.34179240465164185,0.28030139207839966,0.34179240465164185,0.0013495415914803743,0.005660003982484341
345,,,,7957,0.30858463048934937,0.30858463048934937,,,0.00164314906578511,,,,,,,
346,,,,7980,,,,,,,0.5574294328689575,0.4242861270904541,0.5574294328689575,0.4242861270904541,0.006078285165131092,0.00233724364079535
346,,,,7980,0.4119901955127716,0.4119901955127716,,,0.013000104576349258,,,,,,,
,,1.2e-05,,7999,,,,,,,,,,,,
347,7999.0,,1.2000000424450263e-05,7999,,,0.2022097110748291,0.2022097110748291,,0.0008392622112296522,,,,,,
347,,,,8003,,,,,,,0.23325331509113312,0.3139156103134155,0.23325331509113312,0.3139156103134155,0.0009660260984674096,0.0012465625768527389
347,,,,8003,0.3378354609012604,0.3378354609012604,,,0.0017010620795190334,,,,,,,
348,,,,8026,,,,,,,0.47777611017227173,0.30878975987434387,0.47777611017227173,0.30878975987434387,0.0026621564757078886,0.0013270560884848237
348,,,,8026,0.35972854495048523,0.35972854495048523,,,0.020497789606451988,,,,,,,
,,1.2e-05,,8049,,,,,,,,,,,,
349,8049.0,,1.2000000424450263e-05,8049,,,0.09623443335294724,0.09623443335294724,,0.0005327583057805896,,,,,,
349,,,,8049,,,,,,,0.2549441456794739,0.36022770404815674,0.2549441456794739,0.36022770404815674,0.0014623862225562334,0.0016191841568797827
349,,,,8049,0.3378869295120239,0.3378869295120239,,,0.0032504908740520477,,,,,,,
350,,,,8072,,,,,,,0.48698312044143677,0.3297353684902191,0.48698312044143677,0.3297353684902191,0.0036905165761709213,0.0013069998240098357
350,,,,8072,0.3563160002231598,0.3563160002231598,,,0.0021957596763968468,,,,,,,
351,,,,8095,,,,,,,0.40321698784828186,0.3803725242614746,0.40321698784828186,0.3803725242614746,0.0030339164659380913,0.001968704629689455
351,,,,8095,0.3173201084136963,0.3173201084136963,,,0.0016672122292220592,,,,,,,
,,1.2e-05,,8099,,,,,,,,,,,,
352,8099.0,,1.2000000424450263e-05,8099,,,0.35332274436950684,0.35332274436950684,,0.0015966520877555013,,,,,,
352,,,,8118,,,,,,,0.11989051103591919,0.24911701679229736,0.11989051103591919,0.24911701679229736,0.0005813881871290505,0.0010935808531939983
352,,,,8118,0.31050044298171997,0.31050044298171997,,,0.0017934709321707487,,,,,,,
353,,,,8141,,,,,,,0.3503260016441345,0.3751174211502075,0.3503260016441345,0.3751174211502075,0.0014442751416936517,0.0019507864490151405
353,,,,8141,0.392841637134552,0.392841637134552,,,0.005053132772445679,,,,,,,
,,1.2e-05,,8149,,,,,,,,,,,,
354,8149.0,,1.2000000424450263e-05,8149,,,0.631171703338623,0.631171703338623,,0.004540272522717714,,,,,,
354,,,,8164,,,,,,,0.3943837583065033,0.5899023413658142,0.3943837583065033,0.5899023413658142,0.0016716286772862077,0.04468864947557449
354,,,,8164,0.3473011553287506,0.3473011553287506,,,0.01232950296252966,,,,,,,
355,,,,8187,,,,,,,0.30201512575149536,0.43277040123939514,0.30201512575149536,0.43277040123939514,0.00165284494869411,0.0818994790315628
355,,,,8187,0.3315254747867584,0.3315254747867584,,,0.001756732352077961,,,,,,,
,,1.2e-05,,8199,,,,,,,,,,,,
356,8199.0,,1.2000000424450263e-05,8199,,,0.31027549505233765,0.31027549505233765,,0.001219835365191102,,,,,,
356,,,,8210,,,,,,,0.47423189878463745,0.13211554288864136,0.47423189878463745,0.13211554288864136,0.013741753995418549,0.0006565303774550557
356,,,,8210,0.32048508524894714,0.32048508524894714,,,0.0018457536352798343,,,,,,,
357,,,,8233,,,,,,,0.45322322845458984,0.36121422052383423,0.45322322845458984,0.36121422052383423,0.0022676095832139254,0.0018967408686876297
357,,,,8233,0.3420519232749939,0.3420519232749939,,,0.0029854204040020704,,,,,,,
,,1.2e-05,,8249,,,,,,,,,,,,
358,8249.0,,1.2000000424450263e-05,8249,,,0.40326157212257385,0.40326157212257385,,0.002394145354628563,,,,,,
358,,,,8256,,,,,,,0.32002371549606323,0.3445030450820923,0.32002371549606323,0.3445030450820923,0.0012998690363019705,0.0022684079594910145
358,,,,8256,0.3707980215549469,0.3707980215549469,,,0.0029903147369623184,,,,,,,
359,,,,8279,,,,,,,0.3338581919670105,0.24637767672538757,0.3338581919670105,0.24637767672538757,0.017180051654577255,0.0010321895824745297
359,,,,8279,0.3465185761451721,0.3465185761451721,,,0.00420620571821928,,,,,,,
,,1.2e-05,,8299,,,,,,,,,,,,
360,8299.0,,1.2000000424450263e-05,8299,,,0.25160178542137146,0.25160178542137146,,0.0010283291339874268,,,,,,
360,,,,8302,,,,,,,0.35320979356765747,0.10785150527954102,0.35320979356765747,0.10785150527954102,0.009163987822830677,0.0005124852759763598
360,,,,8302,0.3628822863101959,0.3628822863101959,,,0.011753478087484837,,,,,,,
361,,,,8325,,,,,,,0.20604011416435242,0.210534930229187,0.20604011416435242,0.210534930229187,0.0008671345422044396,0.0008761488134041429
361,,,,8325,0.3719536364078522,0.3719536364078522,,,0.003412391059100628,,,,,,,
362,,,,8348,,,,,,,0.5792216658592224,0.39512258768081665,0.5792216658592224,0.39512258768081665,0.008509917184710503,0.002159890253096819
362,,,,8348,0.3087376654148102,0.3087376654148102,,,0.0026167805772274733,,,,,,,
,,1.2e-05,,8349,,,,,,,,,,,,
363,8349.0,,1.2000000424450263e-05,8349,,,0.4907194972038269,0.4907194972038269,,0.0018415552331134677,,,,,,
363,,,,8371,,,,,,,0.40205416083335876,0.23888960480690002,0.40205416083335876,0.23888960480690002,0.0015956501010805368,0.0010989020811393857
363,,,,8371,0.36142781376838684,0.36142781376838684,,,0.004723744001239538,,,,,,,
364,,,,8394,,,,,,,0.27223917841911316,0.3610991835594177,0.27223917841911316,0.3610991835594177,0.0011935877846553922,0.0013799110893160105
364,,,,8394,0.3452763855457306,0.3452763855457306,,,0.0022278290707618,,,,,,,
,,1.2e-05,,8399,,,,,,,,,,,,
365,8399.0,,1.2000000424450263e-05,8399,,,0.11551390588283539,0.11551390588283539,,0.0005829050205647945,,,,,,
365,,,,8417,,,,,,,0.33761337399482727,0.5146433115005493,0.33761337399482727,0.5146433115005493,0.0017186232144013047,0.005696604959666729
365,,,,8417,0.324438214302063,0.324438214302063,,,0.002329342532902956,,,,,,,
366,,,,8440,,,,,,,0.3232811987400055,0.3702412247657776,0.3232811987400055,0.3702412247657776,0.0018627860117703676,0.00891587883234024
366,,,,8440,0.4082111716270447,0.4082111716270447,,,0.004016726743429899,,,,,,,
,,1.2e-05,,8449,,,,,,,,,,,,
367,8449.0,,1.2000000424450263e-05,8449,,,0.4878652095794678,0.4878652095794678,,0.003123495727777481,,,,,,
367,,,,8463,,,,,,,0.37481266260147095,0.25949826836586,0.37481266260147095,0.25949826836586,0.005305583588778973,0.0011692243861034513
367,,,,8463,0.2973727583885193,0.2973727583885193,,,0.0022360628936439753,,,,,,,
368,,,,8486,,,,,,,0.21639485657215118,0.03724677860736847,0.21639485657215118,0.03724677860736847,0.0009838875848799944,0.0002638339647091925
368,,,,8486,0.3256765305995941,0.3256765305995941,,,0.006557961460202932,,,,,,,
,,1.2e-05,,8499,,,,,,,,,,,,
369,8499.0,,1.2000000424450263e-05,8499,,,0.2934921085834503,0.2934921085834503,,0.0012136285658925772,,,,,,
369,,,,8509,,,,,,,0.18605078756809235,0.42930498719215393,0.18605078756809235,0.42930498719215393,0.0008205122430808842,0.0021787870209664106
369,,,,8509,0.3673136532306671,0.3673136532306671,,,0.002024903194978833,,,,,,,
370,,,,8532,,,,,,,0.14843392372131348,0.2783113718032837,0.14843392372131348,0.2783113718032837,0.0006618077168241143,0.0013933746377006173
370,,,,8532,0.292770117521286,0.292770117521286,,,0.0017604395980015397,,,,,,,
,,1.2e-05,,8549,,,,,,,,,,,,
371,8549.0,,1.2000000424450263e-05,8549,,,0.7062079906463623,0.7062079906463623,,0.0046800849959254265,,,,,,
371,,,,8555,,,,,,,0.461273729801178,0.2270728051662445,0.461273729801178,0.2270728051662445,0.004994618706405163,0.0009177036699838936
371,,,,8555,0.35272228717803955,0.35272228717803955,,,0.0021684884559363127,,,,,,,
372,,,,8578,,,,,,,0.5030871033668518,0.48875269293785095,0.5030871033668518,0.48875269293785095,0.0019340362632647157,0.002311188727617264
372,,,,8578,0.3293352425098419,0.3293352425098419,,,0.003571951761841774,,,,,,,
,,1.2e-05,,8599,,,,,,,,,,,,
373,8599.0,,1.2000000424450263e-05,8599,,,0.366753488779068,0.366753488779068,,0.0019298552069813013,,,,,,
373,,,,8601,,,,,,,0.39410391449928284,0.4953307509422302,0.39410391449928284,0.4953307509422302,0.0031759757548570633,0.003535628318786621
373,,,,8601,0.31076186895370483,0.31076186895370483,,,0.004042796790599823,,,,,,,
374,,,,8624,,,,,,,0.40835127234458923,0.42051902413368225,0.40835127234458923,0.42051902413368225,0.0015714492183178663,0.00164027267601341
374,,,,8624,0.2961346507072449,0.2961346507072449,,,0.0016998844221234322,,,,,,,
375,,,,8647,,,,,,,0.23406994342803955,0.22574523091316223,0.23406994342803955,0.22574523091316223,0.0009633512236177921,0.0010120812803506851
375,,,,8647,0.3806009590625763,0.3806009590625763,,,0.0029889496508985758,,,,,,,
,,1.2e-05,,8649,,,,,,,,,,,,
376,8649.0,,1.2000000424450263e-05,8649,,,0.16819612681865692,0.16819612681865692,,0.0007245879387483001,,,,,,
376,,,,8670,,,,,,,0.465531587600708,0.2878757119178772,0.465531587600708,0.2878757119178772,0.0022056179586797953,0.0015916423872113228
376,,,,8670,0.36002346873283386,0.36002346873283386,,,0.0032555279321968555,,,,,,,
377,,,,8693,,,,,,,0.2555472254753113,0.29883646965026855,0.2555472254753113,0.29883646965026855,0.0010428341338410974,0.001211509807035327
377,,,,8693,0.34905707836151123,0.34905707836151123,,,0.004902436397969723,,,,,,,
,,1.2e-05,,8699,,,,,,,,,,,,
378,8699.0,,1.2000000424450263e-05,8699,,,0.3480969965457916,0.3480969965457916,,0.0017317606834694743,,,,,,
378,,,,8716,,,,,,,0.4420362412929535,0.5154101252555847,0.4420362412929535,0.5154101252555847,0.002296019811183214,0.0031937838066369295
378,,,,8716,0.3507819175720215,0.3507819175720215,,,0.002687484724447131,,,,,,,
379,,,,8739,,,,,,,0.5108138918876648,0.3383004069328308,0.5108138918876648,0.3383004069328308,0.0026552751660346985,0.002825224306434393
379,,,,8739,0.33858466148376465,0.33858466148376465,,,0.008085585199296474,,,,,,,
,,1.2e-05,,8749,,,,,,,,,,,,
380,8749.0,,1.2000000424450263e-05,8749,,,0.3055022358894348,0.3055022358894348,,0.0011996794492006302,,,,,,
380,,,,8762,,,,,,,0.46055832505226135,0.26161280274391174,0.46055832505226135,0.26161280274391174,0.0018971504177898169,0.0011284139472991228
380,,,,8762,0.3768504559993744,0.3768504559993744,,,0.002824946539476514,,,,,,,
381,,,,8785,,,,,,,0.4294404983520508,0.3818502128124237,0.4294404983520508,0.3818502128124237,0.0016807012725621462,0.01710900105535984
381,,,,8785,0.3732697367668152,0.3732697367668152,,,0.002468419261276722,,,,,,,
,,1.2e-05,,8799,,,,,,,,,,,,
382,8799.0,,1.2000000424450263e-05,8799,,,0.11502686887979507,0.11502686887979507,,0.0006045611225999892,,,,,,
382,,,,8808,,,,,,,0.3801058232784271,0.4652242660522461,0.3801058232784271,0.4652242660522461,0.001964977476745844,0.006514029111713171
382,,,,8808,0.3282792270183563,0.3282792270183563,,,0.008224083110690117,,,,,,,
383,,,,8831,,,,,,,0.28336459398269653,0.3496398329734802,0.28336459398269653,0.3496398329734802,0.0018280610674992204,0.0014522979035973549
383,,,,8831,0.27501630783081055,0.27501630783081055,,,0.001448901486583054,,,,,,,
,,1.2e-05,,8849,,,,,,,,,,,,
384,8849.0,,1.2000000424450263e-05,8849,,,0.08842156827449799,0.08842156827449799,,0.0004894142039120197,,,,,,
384,,,,8854,,,,,,,0.3059307932853699,0.2395106554031372,0.3059307932853699,0.2395106554031372,0.0014156994875520468,0.0009839183185249567
384,,,,8854,0.3178321421146393,0.3178321421146393,,,0.0016042581992223859,,,,,,,
385,,,,8877,,,,,,,0.3467206656932831,0.45256227254867554,0.3467206656932831,0.45256227254867554,0.0036051031202077866,0.005597306881099939
385,,,,8877,0.32944977283477783,0.32944977283477783,,,0.0019726890604943037,,,,,,,
,,1.2e-05,,8899,,,,,,,,,,,,
386,8899.0,,1.2000000424450263e-05,8899,,,0.12401429563760757,0.12401429563760757,,0.0006366359302774072,,,,,,
386,,,,8900,,,,,,,0.3905641436576843,0.4534887373447418,0.3905641436576843,0.4534887373447418,0.0019417982548475266,0.004977055825293064
386,,,,8900,0.3559492826461792,0.3559492826461792,,,0.0032974083442240953,,,,,,,
387,,,,8923,,,,,,,0.2939503490924835,0.4206208288669586,0.2939503490924835,0.4206208288669586,0.001776167773641646,0.08207595348358154
387,,,,8923,0.39359551668167114,0.39359551668167114,,,0.011679473333060741,,,,,,,
388,,,,8946,,,,,,,0.5187110304832458,0.34944993257522583,0.5187110304832458,0.34944993257522583,0.0025689760223031044,0.0014983492437750101
388,,,,8946,0.3510463833808899,0.3510463833808899,,,0.002329364186152816,,,,,,,
,,1.2e-05,,8949,,,,,,,,,,,,
389,8949.0,,1.2000000424450263e-05,8949,,,0.18893437087535858,0.18893437087535858,,0.0008443581755273044,,,,,,
389,,,,8969,,,,,,,0.4028147757053375,0.5422950387001038,0.4028147757053375,0.5422950387001038,0.0021937217097729445,0.0035588436294347048
389,,,,8969,0.29800888895988464,0.29800888895988464,,,0.0030122671741992235,,,,,,,
390,,,,8992,,,,,,,0.44352850317955017,0.3967019021511078,0.44352850317955017,0.3967019021511078,0.007207403425127268,0.005048403982073069
390,,,,8992,0.3229541480541229,0.3229541480541229,,,0.0019248089520260692,,,,,,,
,,1.2e-05,,8999,,,,,,,,,,,,
391,8999.0,,1.2000000424450263e-05,8999,,,0.31173205375671387,0.31173205375671387,,0.0012986073270440102,,,,,,
391,,,,9015,,,,,,,0.21792621910572052,0.27744364738464355,0.21792621910572052,0.27744364738464355,0.0009208135306835175,0.002262155758216977
391,,,,9015,0.3809760510921478,0.3809760510921478,,,0.0025726871099323034,,,,,,,
392,,,,9038,,,,,,,0.3183089792728424,0.19561000168323517,0.3183089792728424,0.19561000168323517,0.0014258415903896093,0.0008347630500793457
392,,,,9038,0.3492361605167389,0.3492361605167389,,,0.0063876379281282425,,,,,,,
,,1.2e-05,,9049,,,,,,,,,,,,
393,9049.0,,1.2000000424450263e-05,9049,,,0.7305988669395447,0.7305988669395447,,0.0061457399278879166,,,,,,
393,,,,9061,,,,,,,0.10102690756320953,0.1807883083820343,0.10102690756320953,0.1807883083820343,0.0005273617571219802,0.0007719008135609329
393,,,,9061,0.3355961740016937,0.3355961740016937,,,0.002246119314804673,,,,,,,
394,,,,9084,,,,,,,0.3433695137500763,0.2629024386405945,0.3433695137500763,0.2629024386405945,0.0017447136342525482,0.0010993717005476356
394,,,,9084,0.25683313608169556,0.25683313608169556,,,0.0018043783493340015,,,,,,,
,,1.2e-05,,9099,,,,,,,,,,,,
395,9099.0,,1.2000000424450263e-05,9099,,,0.6463034749031067,0.6463034749031067,,0.004025410860776901,,,,,,
395,,,,9107,,,,,,,0.3825420141220093,0.24102482199668884,0.3825420141220093,0.24102482199668884,0.0026547047309577465,0.0030715246684849262
395,,,,9107,0.36155617237091064,0.36155617237091064,,,0.01094550546258688,,,,,,,
396,,,,9130,,,,,,,0.33953770995140076,0.3114948272705078,0.33953770995140076,0.3114948272705078,0.0028522699140012264,0.0012954507255926728
396,,,,9130,0.32990700006484985,0.32990700006484985,,,0.004971752408891916,,,,,,,
,,1.2e-05,,9149,,,,,,,,,,,,
397,9149.0,,1.2000000424450263e-05,9149,,,0.09516986459493637,0.09516986459493637,,0.0005280501209199429,,,,,,
397,,,,9153,,,,,,,0.18455307185649872,0.37781310081481934,0.18455307185649872,0.37781310081481934,0.0008966304594650865,0.0019004570785909891
397,,,,9153,0.3019140660762787,0.3019140660762787,,,0.0024331139866262674,,,,,,,
398,,,,9176,,,,,,,0.49034205079078674,0.24766063690185547,0.49034205079078674,0.24766063690185547,0.0024669934064149857,0.0010180326644331217
398,,,,9176,0.26943832635879517,0.26943832635879517,,,0.0029303745832294226,,,,,,,
,,1.2e-05,,9199,,,,,,,,,,,,
399,9199.0,,1.2000000424450263e-05,9199,,,0.2737189829349518,0.2737189829349518,,0.0011023263214156032,,,,,,
399,,,,9199,,,,,,,0.17810901999473572,0.1869504600763321,0.17810901999473572,0.1869504600763321,0.0007811367977410555,0.0007957596099004149
399,,,,9199,0.36088645458221436,0.36088645458221436,,,0.0019507805118337274,,,,,,,
400,,,,9222,,,,,,,0.4587056040763855,0.3854330778121948,0.4587056040763855,0.3854330778121948,0.00208627269603312,0.0015086961211636662
400,,,,9222,0.3140656054019928,0.3140656054019928,,,0.011040916666388512,,,,,,,
401,,,,9245,,,,,,,0.5677193403244019,0.2630622088909149,0.5677193403244019,0.2630622088909149,0.02243473008275032,0.0010861369082704186
401,,,,9245,0.31868988275527954,0.31868988275527954,,,0.0015839757397770882,,,,,,,
,,1.2e-05,,9249,,,,,,,,,,,,
402,9249.0,,1.2000000424450263e-05,9249,,,0.24369700253009796,0.24369700253009796,,0.0009655813919380307,,,,,,
402,,,,9268,,,,,,,0.38075965642929077,0.2850858271121979,0.38075965642929077,0.2850858271121979,0.0021999417804181576,0.0011724814539775252
402,,,,9268,0.40402907133102417,0.40402907133102417,,,0.005352473817765713,,,,,,,
403,,,,9291,,,,,,,0.3935069441795349,0.41212719678878784,0.3935069441795349,0.41212719678878784,0.0030729377176612616,0.0025698314420878887
403,,,,9291,0.3367302417755127,0.3367302417755127,,,0.002756486414000392,,,,,,,
,,1.2e-05,,9299,,,,,,,,,,,,
404,9299.0,,1.2000000424450263e-05,9299,,,0.041054077446460724,0.041054077446460724,,0.0002978677803184837,,,,,,
404,,,,9314,,,,,,,0.29224494099617004,0.21041712164878845,0.29224494099617004,0.21041712164878845,0.0011735463049262762,0.0013969539431855083
404,,,,9314,0.35429540276527405,0.35429540276527405,,,0.0031956115271896124,,,,,,,
405,,,,9337,,,,,,,0.3497481942176819,0.365610271692276,0.3497481942176819,0.365610271692276,0.0014947513118386269,0.0014850480947643518
405,,,,9337,0.3483341336250305,0.3483341336250305,,,0.010645432397723198,,,,,,,
,,1.2e-05,,9349,,,,,,,,,,,,
406,9349.0,,1.2000000424450263e-05,9349,,,0.2106507271528244,0.2106507271528244,,0.0008583274902775884,,,,,,
406,,,,9360,,,,,,,0.21857032179832458,0.31117135286331177,0.21857032179832458,0.31117135286331177,0.0008965935558080673,0.0012868299381807446
406,,,,9360,0.3299730122089386,0.3299730122089386,,,0.0023373549338430166,,,,,,,
407,,,,9383,,,,,,,0.5278750658035278,0.27678734064102173,0.5278750658035278,0.27678734064102173,0.0024815488141030073,0.0012610285775735974
407,,,,9383,0.32500460743904114,0.32500460743904114,,,0.0020479459781199694,,,,,,,
,,1.2e-05,,9399,,,,,,,,,,,,
408,9399.0,,1.2000000424450263e-05,9399,,,0.1850593537092209,0.1850593537092209,,0.0007720278226770461,,,,,,
408,,,,9406,,,,,,,0.3549209237098694,0.5004872679710388,0.3549209237098694,0.5004872679710388,0.0019706229213625193,0.0022613578476011753
408,,,,9406,0.33066868782043457,0.33066868782043457,,,0.0024359028320759535,,,,,,,
409,,,,9429,,,,,,,0.4077923893928528,0.24408850073814392,0.4077923893928528,0.24408850073814392,0.0019441836047917604,0.0009625900420360267
409,,,,9429,0.38417524099349976,0.38417524099349976,,,0.0019306226167827845,,,,,,,
,,1.2e-05,,9449,,,,,,,,,,,,
410,9449.0,,1.2000000424450263e-05,9449,,,0.09363644570112228,0.09363644570112228,,0.0005232966504991055,,,,,,
410,,,,9452,,,,,,,0.38507381081581116,0.39875030517578125,0.38507381081581116,0.39875030517578125,0.0020798766054213047,0.0028678171802312136
410,,,,9452,0.2964366376399994,0.2964366376399994,,,0.0014368785778060555,,,,,,,
411,,,,9475,,,,,,,0.38157862424850464,0.37641122937202454,0.38157862424850464,0.37641122937202454,0.0019596172496676445,0.001643874915316701
411,,,,9475,0.3332609534263611,0.3332609534263611,,,0.002163494471460581,,,,,,,
412,,,,9498,,,,,,,0.28061923384666443,0.2904013693332672,0.28061923384666443,0.2904013693332672,0.0016163811087608337,0.0026648566126823425
412,,,,9498,0.3132891356945038,0.3132891356945038,,,0.001991140190511942,,,,,,,
,,1.2e-05,,9499,,,,,,,,,,,,
413,9499.0,,1.2000000424450263e-05,9499,,,0.40027445554733276,0.40027445554733276,,0.0018070768564939499,,,,,,
413,,,,9521,,,,,,,0.4599583148956299,0.522213339805603,0.4599583148956299,0.522213339805603,0.008271900936961174,0.0032037594355642796
413,,,,9521,0.31786248087882996,0.31786248087882996,,,0.0021270550787448883,,,,,,,
414,,,,9544,,,,,,,0.2973855137825012,0.2581091821193695,0.2973855137825012,0.2581091821193695,0.002997901989147067,0.0010349312797188759
414,,,,9544,0.36867663264274597,0.36867663264274597,,,0.002447456121444702,,,,,,,
,,1.2e-05,,9549,,,,,,,,,,,,
415,9549.0,,1.2000000424450263e-05,9549,,,0.557709276676178,0.557709276676178,,0.0022097905166447163,,,,,,
415,,,,9567,,,,,,,0.19499051570892334,0.525200605392456,0.19499051570892334,0.525200605392456,0.0008094462682493031,0.004978243727236986
415,,,,9567,0.3930950462818146,0.3930950462818146,,,0.012241868302226067,,,,,,,
416,,,,9590,,,,,,,0.44982773065567017,0.43075448274612427,0.44982773065567017,0.43075448274612427,0.0018780982354655862,0.0018377192318439484
416,,,,9590,0.36890801787376404,0.36890801787376404,,,0.0028894690331071615,,,,,,,
,,1.2e-05,,9599,,,,,,,,,,,,
417,9599.0,,1.2000000424450263e-05,9599,,,0.19613824784755707,0.19613824784755707,,0.0007954539032652974,,,,,,
417,,,,9613,,,,,,,0.2404268980026245,0.27232617139816284,0.2404268980026245,0.27232617139816284,0.0010068485280498862,0.0022954181768000126
417,,,,9613,0.3727753162384033,0.3727753162384033,,,0.012401035986840725,,,,,,,
418,,,,9636,,,,,,,0.2447032481431961,0.33209851384162903,0.2447032481431961,0.33209851384162903,0.0009910280350595713,0.00150055973790586
418,,,,9636,0.30859312415122986,0.30859312415122986,,,0.00213921582326293,,,,,,,
,,1.2e-05,,9649,,,,,,,,,,,,
419,9649.0,,1.2000000424450263e-05,9649,,,0.6291109919548035,0.6291109919548035,,0.008962323889136314,,,,,,
419,,,,9659,,,,,,,0.3147251307964325,0.2648720443248749,0.3147251307964325,0.2648720443248749,0.002042200183495879,0.0016348250210285187
419,,,,9659,0.31356939673423767,0.31356939673423767,,,0.011781137436628342,,,,,,,
420,,,,9682,,,,,,,0.5237658023834229,0.28683847188949585,0.5237658023834229,0.28683847188949585,0.0025496899615973234,0.00117472221609205
420,,,,9682,0.31939151883125305,0.31939151883125305,,,0.0017763733630999923,,,,,,,
,,1.2e-05,,9699,,,,,,,,,,,,
421,9699.0,,1.2000000424450263e-05,9699,,,0.4940743148326874,0.4940743148326874,,0.0020059451926499605,,,,,,
421,,,,9705,,,,,,,0.43765178322792053,0.2949829399585724,0.43765178322792053,0.2949829399585724,0.004087840672582388,0.0019169272854924202
421,,,,9705,0.3466472923755646,0.3466472923755646,,,0.00289574870839715,,,,,,,
422,,,,9728,,,,,,,0.2580186724662781,0.1783420741558075,0.2580186724662781,0.1783420741558075,0.0010458090109750628,0.0007735461113043129
422,,,,9728,0.364352285861969,0.364352285861969,,,0.0030530074145644903,,,,,,,
,,1.2e-05,,9749,,,,,,,,,,,,
423,9749.0,,1.2000000424450263e-05,9749,,,0.4016849398612976,0.4016849398612976,,0.00374423386529088,,,,,,
423,,,,9751,,,,,,,0.15478619933128357,0.6375896334648132,0.15478619933128357,0.6375896334648132,0.0007072975859045982,0.005620114970952272
423,,,,9751,0.35597944259643555,0.35597944259643555,,,0.003052599960938096,,,,,,,
424,,,,9774,,,,,,,0.45237499475479126,0.3964925706386566,0.45237499475479126,0.3964925706386566,0.0021869982592761517,0.002955726580694318
424,,,,9774,0.3707824647426605,0.3707824647426605,,,0.002487956779077649,,,,,,,
425,,,,9797,,,,,,,0.374173641204834,0.35037145018577576,0.374173641204834,0.35037145018577576,0.0015112661058083177,0.002035183133557439
425,,,,9797,0.3889199495315552,0.3889199495315552,,,0.006266407668590546,,,,,,,
,,1.2e-05,,9799,,,,,,,,,,,,
426,9799.0,,1.2000000424450263e-05,9799,,,0.4400390088558197,0.4400390088558197,,0.003005584003403783,,,,,,
426,,,,9820,,,,,,,0.2236015498638153,0.4733917713165283,0.2236015498638153,0.4733917713165283,0.0010032454738393426,0.002644582884386182
426,,,,9820,0.3786592185497284,0.3786592185497284,,,0.0020131156779825687,,,,,,,
427,,,,9843,,,,,,,0.35271456837654114,0.18163862824440002,0.35271456837654114,0.18163862824440002,0.0013955653412267566,0.0007986187702044845
427,,,,9843,0.29135122895240784,0.29135122895240784,,,0.0016869966639205813,,,,,,,
,,1.2e-05,,9849,,,,,,,,,,,,
428,9849.0,,1.2000000424450263e-05,9849,,,0.27915510535240173,0.27915510535240173,,0.0011220341548323631,,,,,,
428,,,,9866,,,,,,,0.32223057746887207,0.37287411093711853,0.32223057746887207,0.37287411093711853,0.0019924945663660765,0.0025979008059948683
428,,,,9866,0.3934650123119354,0.3934650123119354,,,0.002788467798382044,,,,,,,
429,,,,9889,,,,,,,0.25493311882019043,0.4022104740142822,0.25493311882019043,0.4022104740142822,0.0010036168387159705,0.003116808831691742
429,,,,9889,0.2997328042984009,0.2997328042984009,,,0.0015563293127343059,,,,,,,
,,1.2e-05,,9899,,,,,,,,,,,,
430,9899.0,,1.2000000424450263e-05,9899,,,0.24111777544021606,0.24111777544021606,,0.000996600603684783,,,,,,
430,,,,9912,,,,,,,0.08935832232236862,0.35574427247047424,0.08935832232236862,0.35574427247047424,0.00048328214325010777,0.0015591648407280445
430,,,,9912,0.2623285949230194,0.2623285949230194,,,0.0017473687184974551,,,,,,,
431,,,,9935,,,,,,,0.26821380853652954,0.25215622782707214,0.26821380853652954,0.25215622782707214,0.0010698685655370355,0.0012427662732079625
431,,,,9935,0.4257836937904358,0.4257836937904358,,,0.005208192393183708,,,,,,,
,,1.2e-05,,9949,,,,,,,,,,,,
432,9949.0,,1.2000000424450263e-05,9949,,,0.36286765336990356,0.36286765336990356,,0.0023521450348198414,,,,,,
432,,,,9958,,,,,,,0.2707887291908264,0.32112371921539307,0.2707887291908264,0.32112371921539307,0.0010757455602288246,0.0018237370532006025
432,,,,9958,0.337702214717865,0.337702214717865,,,0.0028059647884219885,,,,,,,
433,,,,9981,,,,,,,0.19502368569374084,0.4515848159790039,0.19502368569374084,0.4515848159790039,0.0008396626217290759,0.002739664865657687
433,,,,9981,0.30050647258758545,0.30050647258758545,,,0.002088429406285286,,,,,,,
,,1.2e-05,,9999,,,,,,,,,,,,
434,9999.0,,1.2000000424450263e-05,9999,,,0.6383828520774841,0.6383828520774841,,0.0034082625061273575,,,,,,
434,,,,9999,0.33572569489479065,0.33572569489479065,,,0.0015529099619016051,,,,,,,
